Monoisotopic.mass,mod_des,mod_name,mod_mass
-156.101111,Loss of arginine due to transpeptidation,Arg-loss,-156.101111
-131.040485,Removal of initiator methionine from protein N-terminus,Met-loss,-131.040485
-129.057849,Trp->Gly substitution,Trp->Gly,-129.057849
-128.094963,Loss of C-terminal K from Heavy Chain of MAb,-K,-128.094963
-115.042199,Trp->Ala substitution,Trp->Ala,-115.042199
-106.041865,Tyr->Gly substitution,Tyr->Gly,-106.041865
-99.079647,Arg->Gly substitution,Arg->Gly,-99.079647
-99.047285,Trp->Ser substitution,Trp->Ser,-99.047285
-94.041865,Dehydroalanine (from Tyrosine),DehydroalaY,-94.041865
-92.026215,Tyr->Ala substitution,Tyr->Ala,-92.026215
-90.046950,Phe->Gly substitution,Phe->Gly,-90.04695
-89.029920,"Removal of initiator methionine from protein N-terminus, then acetylation of the new N-terminus",Met-loss+Acetyl,-89.02992
-89.026549,Trp->Pro substitution,Trp->Pro,-89.026549
-87.010899,Trp->Val substitution,Trp->Val,-87.010899
-85.063997,Arg->Ala substitution,Arg->Ala,-85.063997
-85.031634,Trp->Thr substitution,Trp->Thr,-85.031634
-83.070128,Trp->Cys substitution,Trp->Cys,-83.070128
-80.037448,His->Gly substitution,His->Gly,-80.037448
-76.031300,Tyr->Ser substitution,Tyr->Ser,-76.0313
-76.031300,Phe->Ala substitution,Phe->Ala,-76.0313
-74.019021,Met->Gly substitution,Met->Gly,-74.019021
-72.995249,Trp->Leu/Ile substitution,Trp->Xle,-72.995249
-72.036386,Trp->Asn substitution,Trp->Asn,-72.036386
-72.021129,Glu->Gly substitution,Glu->Gly,-72.021129
-71.073499,Lys->Gly substitution,Lys->Gly,-71.073499
-71.052370,Trp->Asp substitution,Trp->Asp,-71.05237
-71.037114,Gln->Gly substitution,Gln->Gly,-71.037114
-69.069083,Arg->Ser substitution,Arg->Ser,-69.069083
-66.021798,His->Ala substitution,His->Ala,-66.021798
-66.010565,Tyr->Pro substitution,Tyr->Pro,-66.010565
-63.994915,Tyr->Val substitution,Tyr->Val,-63.994915
-62.015650,Tyr->Thr substitution,Tyr->Thr,-62.01565
-60.054144,Tyr->Cys substitution,Tyr->Cys,-60.054144
-60.036386,Phe->Ser substitution,Phe->Ser,-60.036386
-60.003371,Met->Ala substitution,Met->Ala,-60.003371
-59.048347,Arg->Pro substitution,Arg->Pro,-59.048347
-58.020735,Trp->Gln substitution,Trp->Gln,-58.020735
-58.005479,Asp->Gly substitution,Asp->Gly,-58.005479
-58.005479,Glu->Ala substitution,Glu->Ala,-58.005479
-58.005479,Enzymatic glycine removal leaving an amidated C-terminus,Gly-loss+Amide,-58.005479
-57.984350,Trp->Lys substitution,Trp->Lys,-57.98435
-57.057849,Lys->Ala substitution,Lys->Ala,-57.057849
-57.036720,Trp->Glu substitution,Trp->Glu,-57.03672
-57.032697,Arg->Val substitution,Arg->Val,-57.032697
-57.021464,Asn->Gly substitution,Asn->Gly,-57.021464
-57.021464,Gln->Ala substitution,Gln->Ala,-57.021464
-56.062600,Leu/Ile->Gly substitution,Xle->Gly,-56.0626
-55.053433,Arg->Thr substitution,Arg->Thr,-55.053433
-55.038828,Trp->Met substitution,Trp->Met,-55.038828
-53.091927,Arg->Cys substitution,Arg->Cys,-53.091927
-50.026883,His->Ser substitution,His->Ser,-50.026883
-50.015650,Phe->Pro substitution,Phe->Pro,-50.01565
-49.979265,Tyr->Leu/Ile substitution,Tyr->Xle,-49.979265
-49.020401,Tyr->Asn substitution,Tyr->Asn,-49.020401
-49.020401,Trp->His substitution,Trp->His,-49.020401
-48.036386,Tyr->Asp substitution,Tyr->Asp,-48.036386
-48.003371,Homoserine lactone,Hse_lact,-48.003371
-48.003371,Prompt loss of side chain from oxidised Met,Dethiomethyl,-48.003371
-48.000000,Phe->Val substitution,Phe->Val,-48
-46.020735,Phe->Thr substitution,Phe->Thr,-46.020735
-46.005479,ISD a-series (C-Term),a-type_Ion,-46.005479
-45.987721,Cys->Gly substitution,Cys->Gly,-45.987721
-44.059229,Phe->Cys substitution,Phe->Cys,-44.059229
-44.026215,Thr->Gly substitution,Thr->Gly,-44.026215
-44.008456,Met->Ser substitution,Met->Ser,-44.008456
-43.989829,Asp->Ala substitution,Asp->Ala,-43.989829
-43.053433,Arginine oxidation to glutamic semialdehyde,Argglutamicsealde,-43.053433
-43.017047,Arg->Leu/Ile substitution,Arg->Xle,-43.017047
-43.005814,Asn->Ala substitution,Asn->Ala,-43.005814
-42.058184,Arg->Asn substitution,Arg->Asn,-42.058184
-42.046950,Leu/Ile->Ala substitution,Xle->Ala,-42.04695
-42.046950,Val->Gly substitution,Val->Gly,-42.04695
-42.021798,Ornithine from Arginine,Arg2Orn,-42.021798
-42.010565,Glu->Ser substitution,Glu->Ser,-42.010565
-41.074168,Arg->Asp substitution,Arg->Asp,-41.074168
-41.062935,Lys->Ser substitution,Lys->Ser,-41.062935
-41.026549,Gln->Ser substitution,Gln->Ser,-41.026549
-40.031300,Pro->Gly substitution,Pro->Gly,-40.0313
-40.006148,His->Pro substitution,His->Pro,-40.006148
-39.010899,Trp->Phe substitution,Trp->Phe,-39.010899
-37.990498,His->Val substitution,His->Val,-37.990498
-36.011233,His->Thr substitution,His->Thr,-36.011233
-35.004751,Tyr->Gln substitution,Tyr->Gln,-35.004751
-34.968366,Tyr->Lys substitution,Tyr->Lys,-34.968366
-34.049727,His->Cys substitution,His->Cys,-34.049727
-34.020735,Tyr->Glu substitution,Tyr->Glu,-34.020735
-33.987721,Dehydroalanine (from Cysteine),DehydroalaC,-33.987721
-33.987721,Met->Pro substitution,Met->Pro,-33.987721
-33.984350,Phe->Leu/Ile substitution,Phe->Xle,-33.98435
-33.025486,Phe->Asn substitution,Phe->Asn,-33.025486
-33.003705,pyruvic acid from N-term cys,pyruvicC,-33.003705
-32.041471,Phe->Asp substitution,Phe->Asp,-32.041471
-32.022844,Tyr->Met substitution,Tyr->Met,-32.022844
-32.008456,Methionine oxidation to aspartic semialdehyde,Met->AspSA,-32.008456
-31.989829,Glu->Pro substitution,Glu->Pro,-31.989829
-31.972071,Met->Val substitution,Met->Val,-31.972071
-31.972071,Cys->Ala substitution,Cys->Ala,-31.972071
-31.042199,Lys->Pro substitution,Lys->Pro,-31.042199
-31.005814,Gln->Pro substitution,Gln->Pro,-31.005814
-30.010565,Proline oxidation to pyrrolidinone,Pyrrolidinone,-30.010565
-30.010565,Ser->Gly substitution,Ser->Gly,-30.010565
-30.010565,Thr->Ala substitution,Thr->Ala,-30.010565
-30.010565,Decarboxylation,Decarboxylation,-30.010565
-29.992806,Homoserine,HSe,-29.992806
-29.992806,Met->Thr substitution,Met->Thr,-29.992806
-29.978202,Trp->Arg substitution,Trp->Arg,-29.978202
-29.974179,Glu->Val substitution,Glu->Val,-29.974179
-29.026549,Lys->Val substitution,Lys->Val,-29.026549
-28.990164,Gln->Val substitution,Gln->Val,-28.990164
-28.042534,Arg->Gln substitution,Arg->Gln,-28.042534
-28.031300,Val->Ala substitution,Val->Ala,-28.0313
-28.031300,Met->Cys substitution,Met->Cys,-28.0313
-28.006148,Arg->Lys substitution,Arg->Lys,-28.006148
-27.994915,Pyrrolidone from Proline,OxPro,-27.994915
-27.994915,Asp->Ser substitution,Asp->Ser,-27.994915
-27.994915,Glu->Thr substitution,Glu->Thr,-27.994915
-27.058518,Arg->Glu substitution,Arg->Glu,-27.058518
-27.047285,Lys->Thr substitution,Lys->Thr,-27.047285
-27.010899,Asn->Ser substitution,Asn->Ser,-27.010899
-27.010899,Gln->Thr substitution,Gln->Thr,-27.010899
-26.052036,Leu/Ile->Ser substitution,Xle->Ser,-26.052036
-26.033409,Glu->Cys substitution,Glu->Cys,-26.033409
-26.015650,Pro->Ala substitution,Pro->Ala,-26.01565
-26.004417,Tyr->His substitution,Tyr->His,-26.004417
-25.085779,Lys->Cys substitution,Lys->Cys,-25.085779
-25.060626,Arg->Met substitution,Arg->Met,-25.060626
-25.049393,Gln->Cys substitution,Gln->Cys,-25.049393
-23.974848,His->Leu/Ile substitution,His->Xle,-23.974848
-23.015984,His->Asn substitution,His2Asn,-23.015984
-23.015984,Trp->Tyr substitution,Trp->Tyr,-23.015984
-22.031969,His->Asp substitution,His2Asp,-22.031969
-21.987721,methionine replacement by homopropargylglycine,Met->Hpg,-21.987721
-20.026215,Formation of five membered aromatic heterocycle,azole,-20.026215
-19.042199,Arg->His substitution,Arg->His,-19.042199
-19.009836,Phe->Gln substitution,Phe->Gln,-19.009836
-18.973451,Phe->Lys substitution,Phe->Lys,-18.973451
-18.025821,Phe->Glu substitution,Phe->Glu,-18.025821
-18.023584,Loss of ammonia (15N),15N-oxobutanoic,-18.023584
-18.010565,Dehydration,Phospho+PL,-18.010565
-18.010565,Pyro-glu from E,Pyro_glu,-18.010565
-18.010565,carbodiimide crosslinker,Xlink:EDC,-18.010565
-17.992806,oxoalanine,oxoalanine,-17.992806
-17.974179,Asp->Pro substitution,Asp->Pro,-17.974179
-17.956421,Met->Leu/Ile substitution,Met->Xle,-17.956421
-17.026549,Pyro-glu from Q,Pyro-glu,-17.026549
-17.026549,Loss of ammonia,N-oxobutanoic,-17.026549
-16.997557,Met->Asn substitution,Met->Asn,-16.997557
-16.990164,Asn->Pro substitution,Asn->Pro,-16.990164
-16.031300,Leu/Ile->Pro substitution,Xle->Pro,-16.0313
-16.027929,Phe->Met substitution,Phe->Met,-16.027929
-16.013542,Met->Asp substitution,Met->Asp,-16.013542
-15.994915,reduction,semialdehyde,-15.994915
-15.994915,Ser->Ala substitution,Ser->Ala,-15.994915
-15.994915,Tyr->Phe substitution,Tyr->Phe,-15.994915
-15.977156,Cys->Ser substitution,Cys->Ser,-15.977156
-15.958529,Asp->Val substitution,Asp->Val,-15.958529
-15.958529,Glu->Leu/Ile substitution,Glu->Xle,-15.958529
-15.010899,lactic acid from N-term Ser,lactic,-15.010899
-15.010899,Lys->Leu/Ile substitution,Lys->Xle,-15.010899
-15.010899,ISD (z+2)-series,ISD_z+2_ion,-15.010899
-14.999666,Glu->Asn substitution,Glu->Asn,-14.999666
-14.974514,Gln->Leu/Ile substitution,Gln->Xle,-14.974514
-14.974514,Asn->Val substitution,Asn->Val,-14.974514
-14.052036,Lys->Asn substitution,Lys->Asn,-14.052036
-14.015650,Ala->Gly substitution,Ala->Gly,-14.01565
-14.015650,Glu->Asp substitution,Glu->Asp,-14.01565
-14.015650,Leu/Ile->Val substitution,Xle->Val,-14.01565
-14.015650,Thr->Ser substitution,Thr->Ser,-14.01565
-14.015650,Gln->Asn substitution,Gln->Asn,-14.01565
-13.979265,Asp->Thr substitution,Asp->Thr,-13.979265
-13.068020,Lys->Asp substitution,Lys->Asp,-13.06802
-13.031634,Gln->Asp substitution,Gln->Asp,-13.031634
-12.995249,Asn->Thr substitution,Asn->Thr,-12.995249
-12.036386,Leu/Ile->Thr substitution,Xle->Thr,-12.036386
-12.036386,Val->Ser substitution,Val->Ser,-12.036386
-12.017759,Asp->Cys substitution,Asp->Cys,-12.017759
-11.033743,Asn->Cys substitution,Asn->Cys,-11.033743
-10.074880,Leu/Ile->Cys substitution,Xle->Cys,-10.07488
-10.031969,Aspartylurea,Aspartylurea,-10.031969
-10.020735,Pro->Ser substitution,Pro->Ser,-10.020735
-10.009502,Phe->His substitution,Phe->His,-10.009502
-9.032697,Arg->Phe substitution,Arg->Phe,-9.032697
-9.000334,His->Gln substitution,His->Gln,-9.000334
-8.963949,His->Lys substitution,His->Lys,-8.963949
-8.016319,His->Glu substitution,His->Glu,-8.016319
-6.962218,Tyr->Arg substitution,Tyr->Arg,-6.962218
-6.018427,His->Met substitution,His->Met,-6.018427
-5.956421,Cys->Pro substitution,Cys->Pro,-5.956421
-4.986324,Methionine replacement by azido homoalanine,Met->Aha,-4.986324
-3.994915,Thr->Pro substitution,Thr->Pro,-3.994915
-3.994915,Pyro-Glu from E + Methylation,Glu->pyro-Glu+Methyl,-3.994915
-3.940771,Cys->Val substitution,Cys->Val,-3.940771
-2.981907,Met->Gln substitution,Met->Gln,-2.981907
-2.945522,Met->Lys substitution,Met->Lys,-2.945522
-2.945522,carbamidomethylated Cys that undergoes beta-elimination and Michael addition of methylamine,Cys->methylaminoAla,-2.945522
-2.015650,2-amino-3-oxo-butanoic_acid,didehydro,-2.01565
-2.015650,Val->Pro substitution,Val->Pro,-2.01565
-2.015650,Intact disulfide bridge,Xlink:Disulfide,-2.01565
-1.997892,Met->Glu substitution,Met->Glu,-1.997892
-1.979265,Thr->Val substitution,Thr->Val,-1.979265
-1.961506,Cys->Thr substitution,Cys->Thr,-1.961506
-1.942879,Asp->Leu/Ile substitution,Asp->Xle,-1.942879
-1.031634,Lysine oxidation to aminoadipic semialdehyde,Lysaminoadipicsealde,-1.031634
-1.007825,Half of a disulfide bridge,Cystine,-1.007825
-0.984016,Amidation,Amide,-0.984016
-0.984016,Asp->Asn substitution,Asp->Asn,-0.984016
-0.984016,Glu->Gln substitution,Glu->Gln,-0.984016
-0.979006,Pyro-Glu from E + Methylation Medium,Glu->pyro-Glu+Methyl:2H(2)13C(1),-0.979006
-0.958863,Asn->Leu/Ile substitution,Asn->Xle,-0.958863
-0.947630,Glu->Lys substitution,Glu->Lys,-0.94763
-0.036386,Lys->Gln substitution,Lys->Gln,-0.036386
0.036386,Gln->Lys substitution,Gln->Lys,0.036386
0.947630,Lys->Glu substitution,Lys->Glu,0.94763
0.958863,Leu/Ile->Asn substitution,Xle->Asn,0.958863
0.984016,Deamidation,Deamidation,0.984016
0.984016,Asn->Asp substitution,Asn->Asp,0.984016
0.984016,Gln->Glu substitution,Gln->Glu,0.984016
0.997035,15N(1),Label:15N(1),0.997035
1.942879,Leu/Ile->Asp substitution,Xle->Asp,1.942879
1.961506,Thr->Cys substitution,Thr->Cys,1.961506
1.979265,Val->Thr substitution,Val->Thr,1.979265
1.994070,15N(2),Label:15N(2),1.99407
1.997892,Glu->Met substitution,Glu->Met,1.997892
2.004246,O18 Labeling,O18_STY,2.004246
2.015650,Pro->Val substitution,Pro->Val,2.01565
2.945522,Lys->Met substitution,Lys->Met,2.945522
2.981907,Gln->Met substitution,Gln->Met,2.981907
2.988261,glycosylated asparagine 18O labeling,GN18Olabeling,2.988261
2.988261,Deamidation in presence of O18,Deamidation_O18,2.988261
2.991105,15N(3),Label:15N(3),2.991105
3.010064,13C3 label for SILAC,Label:13C(3),3.010064
3.018830,Trideuteration,D3_Label,3.01883
3.940771,Val->Cys substitution,Val->Cys,3.940771
3.988140,SILAC 15N(4),Label:15N(4),3.98814
3.994915,tryptophan oxidation to kynurenin,kynurenin,3.994915
3.994915,Pro->Thr substitution,Pro->Thr,3.994915
4.000780,13C(2) 15N(2),Label:13C(2)15N(2),4.00078
4.007099,13C3 15N1 label for SILAC,Label:13C(3)15N(1),4.007099
4.008491,O18 label at both C-terminal oxygens,double_O18,4.008491
4.013419,13C4 Methionine label,Label:13C(4),4.013419
4.022185,SILAC,Label:13C(1)2H(3),4.022185
4.025107,"4,4,5,5-D4 Lysine",Lys4,4.025107
4.978930,In Bachi as Formylaspargine (typo?),Formylasparagine,4.97893
5.010454,13C4 15N1 label for SILAC,Label:13C(4)15N(1),5.010454
5.016774,13C(5) Silac label,13C5,5.016774
5.028462,Label:2H(4)13C(1),Label:2H(4)13C(1),5.028462
5.956421,Pro->Cys substitution,Pro->Cys,5.956421
6.008178,Replacement of proton by lithium,Cation:Li,6.008178
6.013809,13C(5) 15N(1) Silac label,13C5-15N1,6.013809
6.018427,Met->His substitution,Met->His,6.018427
6.020129,13C(6) Silac label,13C6,6.020129
6.962218,Arg->Tyr substitution,Arg->Tyr,6.962218
7.017164,13C(6) 15N(1) Silac label,Label:13C(6)15N(1),7.017164
7.034695,Label:2H(6)15N(1),Label:2H(6)15N(1),7.034695
8.014199,13C(6) 15N(2) Silac label,13C6-15N2,8.014199
8.016319,Glu->His substitution,Glu->His,8.016319
8.963949,Lys->His substitution,Lys->His,8.963949
9.000334,Gln->His substitution,Gln->His,9.000334
9.030193,13C(9) Silac label,13C9,9.030193
9.032697,Phe->Arg substitution,Phe->Arg,9.032697
10.008269,13C(6) 15N(4) Silac label,13C6-15N4,10.008269
10.009502,His->Phe substitution,His->Phe,10.009502
10.020735,Ser->Pro substitution,Ser->Pro,10.020735
10.027228,13C(9) 15N(1) Silac label,13C9-15N1,10.027228
10.062767,2H(10) label,Label:2H(10),10.062767
10.074880,Cys->Leu/Ile substitution,Cys->Xle,10.07488
11.032077,Label:2H(7)15N(4),Label:2H(7)15N(4),11.032077
11.033743,Cys->Asn substitution,Cys->Asn,11.033743
11.050561,SILAC label,Label:15N(2)2H(9),11.050561
11.070128,Carbamidomethylated Cys that undergoes beta-elimination and Michael addition of ethylamine,Cys->ethylaminoAla,11.070128
12.000000,formaldehyde adduct,Thiazolidine,12
12.017759,Cys->Asp substitution,Cys->Asp,12.017759
12.036386,Thr->Leu/Ile substitution,Thr->Xle,12.036386
12.036386,Ser->Val substitution,Ser->Val,12.036386
12.962234,Phe->Cys substitution and carbamidomethylation,Phe->CamCys,12.962234
12.995249,Thr->Asn substitution,Thr->Asn,12.995249
 nitro photochemical decomposition,Loss of O2,Nitrene,NA
,,,NA
13.031634,Michael addition with methylamine,MethylamineST,13.031634
13.031634,Asp->Gln substitution,Asp->Gln,13.031634
13.068020,Asp->Lys substitution,Asp->Lys,13.06802
13.979265,proline oxidation to pyroglutamic acid,Pyroglutamic,13.979265
13.979265,Tryptophan oxidation to oxolactone,oxolactone,13.979265
13.979265,Thr->Asp substitution,Thr->Asp,13.979265
13.979265,aldehyde and ketone modifications,Carbonyl,13.979265
14.015650,Methylation,Methyl,14.01565
14.015650,Asp->Glu substitution,Asp->Glu,14.01565
14.015650,Gly->Ala substitution,Gly->Ala,14.01565
14.015650,Ser->Thr substitution,Ser->Thr,14.01565
14.015650,Val->Leu/Ile substitution,Val->Xle,14.01565
14.015650,Asn->Gln substitution,Asn->Gln,14.01565
14.052036,Asn->Lys substitution,Asn->Lys,14.052036
14.963280,alpha-amino adipic acid,aminoadipic,14.96328
14.974514,Leu/Ile->Gln substitution,Xle->Gln,14.974514
14.974514,Val->Asn substitution,Val->Asn,14.974514
14.999666,Deamidation followed by a methylation,Methyl+Deamidated,14.999666
14.999666,Asn->Glu substitution,Asn->Glu,14.999666
15.010899,Tyrosine oxidation to 2-aminotyrosine,aminotyrosine,15.010899
15.010899,Leu/Ile->Lys substitution,Xle->Lys,15.010899
15.010899,Conversion of carboxylic acid to hydroxamic acid,Hydroxamic_acid,15.010899
15.958529,Val->Asp substitution,Val->Asp,15.958529
15.958529,Leu/Ile->Glu substitution,Xle->Glu,15.958529
15.977156,thiocarboxylic acid,thiocarboxy,15.977156
15.977156,Ser->Cys substitution,Ser->Cys,15.977156
15.994915,Oxidation or Hydroxylation,Hydroxylation,15.994915
15.994915,Ala->Ser substitution,Ala->Ser,15.994915
15.994915,Phe->Tyr substitution,Phe->Tyr,15.994915
16.013542,Asp->Met substitution,Asp->Met,16.013542
16.027929,Met->Phe substitution,Met->Phe,16.027929
16.028204,Deuterium Methylation of Lysine,DeMet,16.028204
16.031300,Pro->Leu/Ile substitution,Pro->Xle,16.0313
16.990164,Pro->Asn substitution,Pro->Asn,16.990164
16.997557,Asn->Met substitution,Asn->Met,16.997557
17.026549,replacement of proton with ammonium ion,Ammonium,17.026549
17.034480,deuterated methyl ester,D3-Me-ester,17.03448
17.070690,13C(6) 15N(2) (D)9 SILAC label,13C6-15N2-D9,17.07069
17.956421,Leu/Ile->Met substitution,Xle->Met,17.956421
17.974179,Pro->Asp substitution,Pro->Asp,17.974179
17.990578,fluorination,Fphe,17.990578
18.010565,Proline oxidation to 5-hydroxy-2-aminovaleric acid,Pro->HAVA,18.010565
18.025821,Glu->Phe substitution,Glu->Phe,18.025821
18.037835,monomethylation,Methyl-Heavy,18.037835
18.940436,Lys->Met substitution and sulfoxidation,Lys->MetOx,18.940436
18.973451,Lys->Phe substitution,Lys->Phe,18.973451
19.009836,Gln->Phe substitution,Gln->Phe,19.009836
19.013745,Oxidised 2H(3) labelled Methionine,Label:2H(3)+Oxidation,19.013745
19.042199,His->Arg substitution,His->Arg,19.042199
19.989829,tryptophan oxidation to hydroxykynurenin,hydroxykynurenin,19.989829
20.008334,Oxidised 13C4 labelled Methionine,Label:13C(4)+Oxidation,20.008334
20.017100,Oxidised methionine 13C(1)2H(3) SILAC label,Label:13C(1)2H(3)+Oxidation,20.0171
21.969392,Replacement of 2 protons by magnesium,Cation:Mg[II],21.969392
21.981943,Sodium adduct,Sodiated,21.981943
21.984350,glyoxal-derived AGE,glyoxalAGE,21.98435
22.031969,Asp->His substitution,Asp->His,22.031969
23.015984,Asn->His substitution,Asn->His,23.015984
23.015984,Tyr->Trp substitution,Tyr->Trp,23.015984
23.958063,Replacement of 3 protons by aluminium,Cation:Al[III],23.958063
23.974848,Leu/Ile->His substitution,Xle->His,23.974848
24.023919,Monomethylated Arg13C(6) 15N(4),Label:13C(6)15N(4)+Methyl,24.023919
24.995249,cyano,cyano,24.995249
25.049393,Cys->Gln substitution,Cys->Gln,25.049393
25.060626,Met->Arg substitution,Met->Arg,25.060626
25.085779,Cys->Lys substitution,Cys->Lys,25.085779
26.004417,His->Tyr substitution,His->Tyr,26.004417
26.015650,Acetaldehyde +26,Acetald+26,26.01565
26.015650,Ala->Pro substitution,Ala->Pro,26.01565
26.033409,Cys->Glu substitution,Cys->Glu,26.033409
26.052036,Ser->Leu/Ile substitution,Ser->Xle,26.052036
27.010899,Ser->Asn substitution,Ser->Asn,27.010899
27.010899,Thr->Gln substitution,Thr->Gln,27.010899
27.047285,Thr->Lys substitution,Thr->Lys,27.047285
27.047285,ethyl amino,ethylamino,27.047285
27.058518,Glu->Arg substitution,Glu->Arg,27.058518
27.958529,"Tryptophan oxidation to beta-unsaturated-2,4-bis-tryptophandione",Delta:H(-4)O(2),27.958529
27.994915,Formylation,Formyl,27.994915
27.994915,Ser->Asp substitution,Ser->Asp,27.994915
27.994915,Thr->Glu substitution,Thr->Glu,27.994915
28.006148,Lys->Arg substitution,Lys->Arg,28.006148
28.031300,di-Methylation,di-Methylation,28.0313
28.031300,Acetaldehyde +28,Acetald+28,28.0313
28.031300,Ethylation,Ethyl,28.0313
28.031300,Ala->Val substitution,Ala->Val,28.0313
28.031300,Cys->Met substitution,Cys->Met,28.0313
28.042534,Gln->Arg substitution,Gln->Arg,28.042534
28.046104,2H(3) 13C(1) monomethylated Arg13C(6) 15N(4),Label:13C(6)15N(4)+Methyl:2H(3)13C(1),28.046104
28.990164,nitrosylation,SNO,28.990164
28.990164,Val->Gln substitution,Val->Gln,28.990164
29.015316,deamidation followed by esterification with ethanol,Ethyl+Deamidated,29.015316
29.026549,Val->Lys substitution,Val->Lys,29.026549
29.039125,Dimethylation of proline residue,Delta:H(5)C(2),29.039125
29.974179,quinone,quinone,29.974179
29.974179,Val->Glu substitution,Val->Glu,29.974179
29.978202,Arg->Trp substitution,Arg->Trp,29.978202
29.992806,Thr->Met substitution,Thr->Met,29.992806
30.010565,hydroxymethyl,hydroxymethyl,30.010565
30.010565,Ala->Thr substitution,Ala->Thr,30.010565
30.010565,Gly->Ser substitution,Gly->Ser,30.010565
30.010565,formaldehyde induced modifications,methylol,30.010565
31.005814,Pro->Gln substitution,Pro->Gln,31.005814
31.042199,Pro->Lys substitution,Pro->Lys,31.042199
31.935685,Lys->Cys substitution and carbamidomethylation,Lys->CamCys,31.935685
31.972071,persulfide,persulfide,31.972071
31.972071,Val->Met substitution,Val->Met,31.972071
31.972071,Ala->Cys substitution,Ala->Cys,31.972071
31.989829,dihydroxy,dihydroxy,31.989829
31.989829,Pro->Glu substitution,Pro->Glu,31.989829
32.022844,Met->Tyr substitution,Met->Tyr,32.022844
32.041471,Asp->Phe substitution,Asp->Phe,32.041471
32.056407,DiMethyl-CHD2,CHD2,32.056407
33.025486,Asn->Phe substitution,Asn->Phe,33.025486
33.951335,Leu->Met substitution and sulfoxidation,Leu->MetOx,33.951335
33.961028,Chlorination of tyrosine residues,Chlorination,33.961028
33.969094,methionine oxidation to homocysteic acid,Homocysteic_acid,33.969094
33.984350,Leu/Ile->Phe substitution,Xle->Phe,33.98435
33.987721,Pro->Met substitution,Pro->Met,33.987721
34.020735,Glu->Tyr substitution,Glu->Tyr,34.020735
34.049727,Cys->His substitution,Cys->His,34.049727
34.051429,Dimethyl 13C(6) Silac label,Label:13C(6)+Dimethyl,34.051429
34.063117,DiMethyl-C13HD2,C13HD2,34.063117
34.068961,Dimethyl-Medium,Dimethyl:2H(6),34.068961
34.968366,Lys->Tyr substitution,Lys->Tyr,34.968366
35.004751,Gln->Tyr substitution,Gln->Tyr,35.004751
36.011233,Thr->His substitution,Thr->His,36.011233
36.045499,Dimethyl 13C(6)15N(2) Silac label,Label:13C(6)15N(2)+Dimethyl,36.045499
36.075670,dimethylation,Dimethyl-Heavy,36.07567
37.031634,propargylamine,Propargylamine,37.031634
37.946941,Replacement of 2 protons by calcium,Cation:Ca[II],37.946941
37.955882,Replacement of proton by potassium,Cation:K,37.955882
37.990498,Val->His substitution,Val->His,37.990498
38.015650,Acrolein addition +38,Acrolein38,38.01565
38.039569,Dimethylated Arg13C(6) 15N(4),Label:13C(6)15N(4)+Dimethyl,38.039569
39.010899,Phe->Trp substitution,Phe->Trp,39.010899
39.994915,S-carbamoylmethylcysteine cyclization (N-terminus),Pyro-cmC,39.994915
39.994915,Glyoxal-derived hydroimiadazolone,G-H1,39.994915
40.006148,Pro->His substitution,Pro->His,40.006148
40.031300,Propionaldehyde +40,Propionald+40,40.0313
40.031300,Gly->Pro substitution,Gly->Pro,40.0313
41.001397,Azidophenylalanine,AzidoF,41.001397
41.026549,amidination of lysines or N-terminal amines with methyl acetimidate,amidine,41.026549
41.026549,Ser->Gln substitution,Ser->Gln,41.026549
41.062935,Ser->Lys substitution,Ser->Lys,41.062935
41.074168,Asp->Arg substitution,Asp->Arg,41.074168
42.010565,Acetylation,Acetyl,42.010565
42.010565,Ser->Glu substitution,Ser->Glu,42.010565
42.021798,Guanidination,Guanidination,42.021798
42.021798,amidino,amidino,42.021798
42.046950,tri-Methylation,tri-Methylation,42.04695
42.046950,Gly->Val substitution,Gly->Val,42.04695
42.046950,Ala->Leu/Ile substitution,Ala->Xle,42.04695
42.046950,Propyl,Propyl,42.04695
42.058184,Asn->Arg substitution,Asn->Arg,42.058184
43.005814,Carbamylation,Carbamyl,43.005814
43.005814,Ala->Asn substitution,Ala->Asn,43.005814
43.017047,Leu/Ile->Arg substitution,Xle->Arg,43.017047
43.042199,Carboxyl modification with ethanolamine,Ethanolamine,43.042199
43.953444,Tryptophan oxidation to hydroxy-bis-tryptophandione,Delta:H(-4)O(3),43.953444
43.989829,Carboxylation,carboxyl,43.989829
43.989829,Ala->Asp substitution,Ala->Asp,43.989829
44.008456,S-Ethylcystine from Serine,S-Eth,44.008456
44.008456,Ser->Met substitution,Ser->Met,44.008456
44.017274,heavy acetylation,Acetyl:13C(2),44.017274
44.026215,Ethanolation,EtOH,44.026215
44.026215,Gly->Thr substitution,Gly->Thr,44.026215
44.059229,Cys->Phe substitution,Cys->Phe,44.059229
44.985078,Oxidation to nitro,Nitro,44.985078
45.029395,"Acetate labeling reagent (N-term & K) (heavy form, +3amu)",Acetyl_heavy,45.029395
45.987721,Beta-methylthiolation,b-methylthiol,45.987721
45.987721,Gly->Cys substitution,Gly->Cys,45.987721
46.020735,Thr->Phe substitution,Thr->Phe,46.020735
46.035672,"Acetyl 4,4,5,5-D4 Lysine",Label:2H(4)+Acetyl,46.035672
46.083939,2H(6) 13C(2) Dimethylated Arg13C(6) 15N(4),Label:13C(6)15N(4)+Dimethyl:2H(6)13C(2),46.083939
47.944449,Selenium replaces sulfur,SeMet,47.944449
47.984744,cysteine oxidation to cysteic acid,Cysteic_acid,47.984744
48.000000,Val->Phe substitution,Val->Phe,48
48.030694,Acetyl 13C(6) Silac label,Label:13C(6)+Acetyl,48.030694
48.036386,Asp->Tyr substitution,Asp->Tyr,48.036386
48.084611,Propyl:2H(6),Propyl:2H(6),48.084611
49.020401,Asn->Tyr substitution,Asn->Tyr,49.020401
49.020401,His->Trp substitution,His->Trp,49.020401
49.979265,Leu/Ile->Tyr substitution,Xle->Tyr,49.979265
50.015650,Pro->Phe substitution,Pro->Phe,50.01565
50.024764,Acetyl_13C(6) 15N(2) Silac label,Label:13C(6)15N(2)+Acetyl,50.024764
50.026883,Ser->His substitution,Ser->His,50.026883
51.103441,3-fold methylation with deuterated methyl groups,Trimethyl:2H(9),51.103441
52.911464,Replacement of 3 protons by iron,Cation:Fe[III],52.911464
53.091927,Cys->Arg substitution,Cys->Arg,53.091927
53.919289,Replacement of 2 protons by iron,Cation:Fe[II],53.919289
53.971735,trifluoroleucine replacement of leucine,trifluoro,53.971735
54.010565,MDA adduct +54,MDA54,54.010565
54.010565,Methylglyoxal-derived hydroimidazolone,MG-H1,54.010565
54.010565,Alkene fragment of DSSO crosslinker,Xlink:DSSO[54],54.010565
54.113505,3-fold methylation with fully labelled methyl groups,Trimethyl:13C(3)2H(9),54.113505
55.038828,Met->Trp substitution,Met->Trp,55.038828
55.053433,Thr->Arg substitution,Thr->Arg,55.053433
55.919696,Replacement of 2 protons by nickel,Cation:Ni[II],55.919696
55.989829,DST crosslinker cleaved by sodium periodate,Xlink:DST[56],55.989829
56.026215,Propionate labeling reagent light form (N-term & K),Propionyl_light,56.026215
56.026215,Acrolein addition +56,Acrolein56,56.026215
56.062600,"Diethylation, analogous to Dimethylation",Diethylation,56.0626
56.062600,Gly->Leu/Ile substitution,Gly->Xle,56.0626
57.021464,Iodoacetamide derivative,Carbamidomethyl,57.021464
57.021464,Ala->Gln substitution,Ala->Gln,57.021464
57.021464,Gly->Asn substitution,Gly->Asn,57.021464
57.021464,Addition of Glycine,Gly,57.021464
57.032697,Val->Arg substitution,Val->Arg,57.032697
57.036720,Glu->Trp substitution,Glu->Trp,57.03672
57.057849,Ala->Lys substitution,Ala->Lys,57.057849
57.984350,Lys->Trp substitution,Lys->Trp,57.98435
58.005479,Iodoacetic acid derivative,Carboxymethyl,58.005479
58.005479,Ala->Glu substitution,Ala->Glu,58.005479
58.005479,Gly->Asp substitution,Gly->Asp,58.005479
58.020735,Gln->Trp substitution,Gln->Trp,58.020735
58.029289,"2,3-dihydro-2,2-dimethyl-7-benzofuranol N-methyl carbamate",Carbofuran,58.029289
58.041865,Reduced acrolein addition +58,Delta:H(6)C(3)O(1),58.041865
59.019355,aminoethylcysteine,AEC-MAEC,59.019355
59.036279,"Propionate labeling reagent heavy form (+3amu), N-term & K",Propionyl_heavy,59.036279
59.045045,Mono-methylated lysine labelled with Acetyl_heavy,Methyl+Acetyl:2H(3),59.045045
59.048347,Pro->Arg substitution,Pro->Arg,59.048347
59.049690,"5-hydroxy-N6,N6,N6-trimethyl",trimethyl-OH,59.04969
60.003371,2-OH-ethyl thio-Ser,MercaptoEthanol,60.003371
60.003371,Ala->Met substitution,Ala->Met,60.003371
60.012189,Iodoacetic acid derivative w/ 13C label,Carboxymethyl:13C(2),60.012189
60.036386,Ser->Phe substitution,Ser->Phe,60.036386
60.054144,Cys->Tyr substitution,Cys->Tyr,60.054144
61.913495,Replacement of 2 protons by zinc,Cation:Zn[II],61.913495
61.921774,Replacement of proton by copper,Cation:Cu,61.921774
62.015650,MDA adduct +62,MDA62,62.01565
62.015650,Thr->Tyr substitution,Thr->Tyr,62.01565
62.063875,3-fold methylated lysine labelled with Acetyl_heavy,Methyl:2H(3)+Acetyl:2H(3),62.063875
63.044462,deuterium cysteamine modification to S or T,AEC-MAEC:2H(4),63.044462
63.961900,SulfurDioxide,SulfurDioxide,63.9619
63.979659,Tryptophan oxidation to dihydroxy-N-formaylkynurenine,Delta:O(4),63.979659
63.994915,Val->Tyr substitution,Val->Tyr,63.994915
66.010565,Pro->Tyr substitution,Pro->Tyr,66.010565
66.010565,Chemical modification of the iodinated sites of thyroglobulin by Suzuki reaction,Furan,66.010565
66.021798,Ala->His substitution,Ala->His,66.021798
67.922055,Dichlorination,dichlorination,67.922055
68.026215,Crotonylation,Crotonyl,68.026215
68.037448,IMID d0,IMID_light,68.037448
68.062600,Piperidination,Piperidination,68.0626
69.069083,Ser->Arg substitution,Ser->Arg,69.069083
70.005479,N-pyruvic acid 2-iminyl,pyruv-iminyl,70.005479
70.041865,Crotonaldehyde,Croton,70.041865
70.041865,Butyryl,Butyryl,70.041865
71.013304,methylglyoxal-derived carboxyethyllysine,Delta:H(3)C(3)O(2),71.013304
71.037114,Acrylamide adduct,Propionamide,71.037114
71.037114,Gly->Gln substitution,Gly->Gln,71.037114
71.052370,Asp->Trp substitution,Asp->Trp,71.05237
71.073499,Deoxyhypusine,Deoxyhypusine,71.073499
71.073499,Gly->Lys substitution,Gly->Lys,71.073499
71.073499,Cys alkylation by dimethylaminoethyl halide,Dimethylaminoethyl,71.073499
72.021129,carboxyethyl,carboxyethyl,72.021129
72.021129,Gly->Glu substitution,Gly->Glu,72.021129
72.021129,Dihydroxy methylglyoxal adduct,Dihydroxyimidazolidine,72.021129
72.021129,Ethoxyformylation,Ethoxyformyl,72.021129
72.036386,Asn->Trp substitution,Asn->Trp,72.036386
72.062555,IMID d4,IMID_heavy,72.062555
72.995249,Leu/Ile->Trp substitution,Xle->Trp,72.995249
74.019021,Gly->Met substitution,Gly->Met,74.019021
74.055944,Acrylamide d3,Acrylamide_heavy,74.055944
75.980527,EDT,EDT,75.980527
75.998285,Cysteine mercaptoethanol,DeStreak,75.998285
76.031300,Acrolein addition +76,Acrolein76,76.0313
76.031300,Ser->Tyr substitution,Ser->Tyr,76.0313
76.031300,Ala->Phe substitution,Ala->Phe,76.0313
77.910511,bromination,bromo,77.910511
77.987066,Methylphosphonylation,Methylphosphonate,77.987066
78.046950,"2,5-dimethypyrrole",pyrrole,78.04695
79.916520,selenyl,selenyl,79.91652
79.956815,O-Sulfonation,Sulfation,79.956815
79.966331,Phosphorylation,Phospho,79.966331
80.026215,methylglyoxal-derived argpyrimidine,Delta:H(4)C(5)O(1),80.026215
80.037448,Gly->His substitution,Gly->His,80.037448
80.985078,Arginine replacement by Nitropyrimidyl ornithine,Arg->Npo,80.985078
82.041865,NHS-Diazirine crosslinker,Xlink:SDA,82.041865
83.070128,Cys->Trp substitution,Cys->Trp,83.070128
85.031634,Thr->Trp substitution,Thr->Trp,85.031634
85.052764,N-ethyl iodoacetamide-d0,NEIAA-d0,85.052764
85.052764,Bu fragment of BuUrBu crosslinker,Xlink:BuUrBu[85],85.052764
85.063997,Ala->Arg substitution,Ala->Arg,85.063997
85.089149,Labeling transglutaminase substrate on glutamine side chain,Pentylamine,85.089149
85.982635,Thiol fragment of DSSO crosslinker,Xlink:DSSO[86],85.982635
86.000394,Malonylation,Malonyl,86.000394
86.036779,Michael addition of hydroxymethylvinyl ketone to cysteine,HMVK86,86.036779
86.036779,transamidation of glycine ethyl ester to glutamine,GEE,86.036779
86.036779,2-hydroxyisobutyrylation,hydroxyisobutyryl,86.036779
87.010899,Val->Trp substitution,Val->Trp,87.010899
87.014270,Cleaved and reduced DTBP crosslinker,DTBP,87.01427
87.032028,glycidamide adduct,glycidamide,87.032028
87.050655,phosphorylation to amine thiol,ser_thr_DAET,87.050655
87.068414,hypusine,hypusine,87.068414
87.998285,Cleaved and reduced DSP/DTSSP crosslinker,DSP,87.998285
88.996524,C13 label (Phosphotyrosine),13C9_Phospho_Tyr,88.996524
89.026549,Pro->Trp substitution,Pro->Trp,89.026549
90.046950,Gly->Phe substitution,Gly->Phe,90.04695
90.084148,N-ethyl iodoacetamide-d5,NEIAA-d5,90.084148
92.026215,Ala->Tyr substitution,Ala->Tyr,92.026215
92.997965,O-methyl amino phosphinate,Methamidophos-O,92.997965
93.981981,O-Methylphosphorylation,O-Methylphosphate,93.981981
94.041865,Acrolein addition +94,Acrolein94,94.041865
94.967714,aminotyrosine with sulfation,sulfo+amino,94.967714
95.943487,Thiophosphorylation,Thio-phospho,95.943487
96.021129,Intact BS2-G crosslinker,Xlink:BS2G[96],96.021129
96.021129,bis[sulfosuccinimidyl] glutarate,Xlink:BS2G,96.021129
96.057515,Reduced acrolein addition +96,Delta:H(8)C(6)O(1),96.057515
97.016378,maleimide,maleimide,97.016378
97.089149,Acetyldeoxyhypusine,Acetyldeoxyhypusine,97.089149
98.073165,Acetone chemical artifact,MesitylOxide,98.073165
99.047285,Ser->Trp substitution,Ser->Trp,99.047285
99.068414,N-isopropylcarboxamidomethyl,NIPCAM,99.068414
99.079647,Gly->Arg substitution,Gly->Arg,99.079647
100.016044,Succinic anhydride labeling reagent light form (N-term & K),Suc_anh_light,100.016044
100.016044,Methylmalonylation on Serine,Methylmalonylation,100.016044
100.063663,Ub Bromide probe addition,Ub-Br2,100.063663
101.084064,Modification by hydroxylated mechloroethamine (HN-2),HN2_mustard,101.084064
103.960719,Reaction with dimethylarsinous (AsIII) acid,DimethylArsino,103.960719
103.993200,Sulfenic acid fragment of DSSO crosslinker,Xlink:DSSO[104],103.9932
104.026215,labeling reagent light form (N-term & K),benzoyl,104.026215
104.029463,"Succinic anhydride labeling reagent, heavy form (+4amu, 4C13), N-term & K",Suc_anh+4C13,104.029463
104.041151,"Succinic anhydride labeling reagent, heavy form (+4amu, 4H2), N-term & K",Suc_anh+4H2,104.041151
104.071154,tris adduct causes 104 Da addition at asparagine-succinimide intermediate,Tris,104.071154
104.965913,Sec Iodoacetamide derivative,Cys->CamSec,104.965913
105.021464,"Bruker Daltonics SERVA-ICPL(TM) quantification chemistry, light form",ICPL_light,105.021464
105.021464,Nicotinic Acid,NIC,105.021464
105.057849,S-pyridylethylation,S-pyridylethyl,105.057849
105.897267,Replacement of proton by silver,Cation:Ag,105.897267
106.008850,reaction with methyl vinyl sulfone,methylsulfonylethyl,106.00885
106.041865,Gly->Tyr substitution,Gly->Tyr,106.041865
106.041865,o-toluene,Saligenin,106.041865
107.013615,N-dimethylphosphate,N-dimethylphosphate,107.013615
107.077339,Azidohomoalanine (AHA) bound to propargylglycine-NH2 (alkyne),AHA-Alkyne,107.077339
107.979873,S-Methyl Methyl phosphorothioate,MeMePhosphorothioate,107.979873
107.997631,O-Dimethylphosphorylation,O-Dimethylphosphate,107.997631
107.997631,O-Ethylphosphorylation,Ethylphosphate,107.997631
108.021129,2-ammonio-6-[4-(hydroxymethyl)-3-oxidopyridinium-1-yl]- hexanoate,HydroxymethylOP,108.021129
108.975121,S-methyl amino phosphinate,Methamidophos-S,108.975121
109.046571,"Bruker Daltonics SERVA-ICPL(TM) quantification chemistry, medium form",ICPL_medium,109.046571
109.048119,deuterated Nicotinic Acid,dNIC,109.048119
109.052764,4-methyl-delta-1-pyrroline-5-carboxyl,me-pyrroline,109.052764
109.959137,O-methylphosphothione,monomethylphosphothione,109.959137
111.032028,Nmethylmaleimide,NMM,111.032028
111.032028,BuUr fragment of BuUrBu crosslinker,Xlink:BuUrBu[111],111.032028
111.041593,"Bruker Daltonics SERVA-ICPL(TM) quantification chemistry, heavy form",ICPL_heavy,111.041593
111.068414,DMPO spin-trap nitrone adduct,DMPO,111.068414
112.052430,Acrolein addition +112,Acrolein112,112.05243
113.047679,Ammonium-quenched monolink of BS2-G crosslinker,Xlink:BS2G[113],113.047679
113.084064,Acetylhypusine,Acetylhypusine,113.084064
113.995309,Disuccinimidyl tartrate crosslinker,Xlink:DST,113.995309
113.995309,Intact DST crosslinker,Xlink:DST[114],113.995309
114.031694,Glutarylation,Gluratylation,114.031694
114.031694,Water-quenched monolink of BS2-G crosslinker,Xlink:BS2G[114],114.031694
114.042927,ubiquitinylation residue,GlyGly,114.042927
114.042927,Double Carbamidomethylation,Dicarbamidomethyl,114.042927
115.026943,Cleavage product of EGS protein crosslinks by hydroylamine treatment,Xlink:EGS[115],115.026943
115.042199,Ala->Trp substitution,Ala->Trp,115.042199
115.066700,"Bruker Daltonics SERVA-ICPL(TM) quantification chemistry, +10 Da form",ICPL:13C(6)2H(4),115.0667
116.010959,S-(2-succinyl) cysteine,2-succinyl,116.010959
116.997965,phospho-propargylamine,Phosphopropargyl,116.997965
117.024835,N-Homocysteine thiolactone,HCysThiolactone,117.024835
118.065674,Dehydropyrrolizidine alkaloid (dehydroretronecine) on cysteines,DHP,118.065674
118.068034,Ubiquitination 2H4 lysine,Label:2H(4)+GG,118.068034
119.004099,Cysteinylation,Cysteinyl,119.004099
119.037114,pyridylacetyl,pyridylacetyl,119.037114
119.037114,phenyl isocyanate,PIC,119.037114
120.021129,reaction with phenyl salicylate (PS),PS_Hapten,120.021129
120.024500,Beta elimination of alkylated Cys followed by Michael addition of DTT,BEMAD_C,120.0245
120.024500,reaction with ethyl vinyl sulfone,ethylsulfonylethyl,120.0245
120.034017,O-Isopropylmethylphosphonylation,O-Isopropylmethylphosphonate,120.034017
120.050417,13C(4) 15N(2) Lysine glygly,Label:13C(4)15N(2)+GG,120.050417
120.063056,13C6 labeled ubiquitinylation residue,Label:13C(6)+GG,120.063056
121.035005,phosphorylation to pyridyl thiol,PET,121.035005
122.013281,O-Isopropylphosphorylation,O-Isopropylphosphate,122.013281
122.036779,Carboxyethylpyrrole,Carboxyethylpyrrole,122.036779
122.057126,13C(6) 15N(2) Lysine glygly,Label:13C(6)15N(2)+GG,122.057126
122.073165,crotonaldehyde-derived dimethyl-FDP-lysine,Delta:H(10)C(8)O(1),122.073165
122.084398,Dimethyl pimelimidate crosslink,Xlink:DMP,122.084398
122.084398,Intact DMP crosslinker,Xlink:DMP[122],122.084398
123.008530,glycosylphosphatidylinositol,GPI-anchor,123.00853
123.974787,O-dimethylphosphothione,Dimethylphosphothione,123.974787
124.068498,d5-phenyl isocyanate,d5-PIC,124.068498
125.047679,N-ethylmaleimide on cysteines,NEM,125.047679
125.896648,Iodination,Iodination,125.896648
126.062161,Beta elimination of alkylated Cys followed by Michael addition of labelled DTT,BEMAD_C:2H(6),126.062161
126.104465,octanoyl,octanoyl,126.104465
127.063329,N-Succinimidyl-2-morpholine acetate,SMA,127.063329
127.099714,Quaternary amine labeling reagent light form (N-term & K),Quat_0,127.099714
128.094963,Addition of lysine due to transpeptidation,Lys,128.094963
128.107539,4-trimethyllammoniumbutyryl-,TMAB-d0,128.107539
128.131349,spermidine adduct,spermidine,128.131349
129.042593,monoglutamyl,-Glu-,129.042593
129.042593,Nmethylmaleimidehydrolysis,NMMhyd,129.042593
129.057849,Gly->Trp substitution,Gly->Trp,129.057849
130.026609,S-(2-monomethylsuccinyl) cysteine,2-monomethylsuccinyl,130.026609
130.079062,D5 N-ethylmaleimide on cysteines,NEM:2H(5),130.079062
130.118544,"Quaternary amine labeling reagent heavy (+3amu) form, N-term & K",Quat_3,130.11854400000001
131.094629,Modification by hydroxylated tris-(2-chloroethyl)amine (HN-3),HN3_mustard,131.094629
132.005873,Water quenched monolink of DST crosslinker,Xlink:DST[132],132.005873
132.021129,Hydroxyphenylglyoxal arginine,Arg1HPG,132.021129
132.021129,Chemical modification of the diiodinated sites of thyroglobulin by Suzuki reaction,Difuran,132.021129
132.042259,Pentose,Pentose,132.042259
132.057515,Propiophenone,Propiophenone,132.057515
132.068748,modification of the lysine side chain from NH2 to guanidine with a H removed in favor of a benzyl group,benzylguanidine,132.068748
133.019749,S-homocysteinylation,HCysteinyl,133.019749
133.052764,iodoacetanilide derivative,Iodoacetanilide,133.052764
133.137375,"Quaternary amine labeling reagent heavy form (+6amu), N-term & K",Quat_6,133.137375
134.048013,3-methyl-2-pyridyl isocyanate,PyMIC,134.048013
135.032028,Tyrosine caged with 2-nitrobenzyl (ONB),2-nitrobenzyl,135.032028
135.044916,"O-ethyl, N-dimethyl phosphate",O-Et-N-diMePhospho,135.044916
135.983029,sulfonation of N-terminus,CAF,135.983029
136.001656,Beta elimination of modified S or T followed by Michael addition of DTT,BEMAD_ST,136.001656
136.028931,O-Diethylphosphorylation,Diethylphosphate,136.028931
136.088815,Dehydrated 4-Oxononenal Michael adduct,4-ONE+Delta:H(-2)O(-1),136.088815
136.156205,"Quaternary amine labeling reagent heavy form (+9amu), N-term & K",Quat_9,136.156205
137.164030,d9-4-trimethyllammoniumbutyryl-,TMAB-d9,137.16403
138.068080,Isotope-Coded Dimedone light form,ICDID,138.06808
138.068080,disuccinimidyl suberate (DSS),Xlink:DSS,138.06808
138.068080,Intact DSS/BS3 crosslinker,Xlink:DSS[138],138.06808
138.104465,Dehydrated 4-hydroxynonenal,HNE-Delta:H(2)O,138.104465
139.072893,13C labelled iodoacetanilide derivative,Iodoacetanilide:13C(6),139.072893
139.110947,Ammonia quenched monolink of DMP crosslinker,Xlink:DMP[139],139.110947
140.094963,mTRAQ light,mTRAQ,140.094963
140.094963,Water quenched monolink of DMP crosslinker,Xlink:DMP[140],140.094963
141.042593,N-ethylmaleimide on cysteine sulfenic acid,Oxidation+NEM,141.042593
141.098318,CLIP_TRAQ_2,CLIP_TRAQ_2,141.098318
142.039317,Beta elimination of modified S or T followed by Michael addition of labelled DTT,BEMAD_ST:2H(6),142.039317
142.110613,Diphthamide,Diphthamide,142.110613
143.058243,Nethylmaleimidehydrolysis,NEMhyd,143.058243
144.042259,Condensation product of 3-deoxyglucosone,3-deoxyglucosone,144.042259
144.042259,S-(2-dimethylsuccinyl) cysteine,2-dimethylsuccinyl,144.042259
144.099599,Accurate mass for 115,iTRAQ115,144.099599
144.102063,Representative mass and accurate mass for 116 & 117,iTRAQ,144.102063
144.102063,mTRAQ medium,mTRAQ:13C(3)15N(1),144.102063
144.105740,Isotope-Coded Dimedone heavy form,ICDID:2H(6),144.10574
144.105918,Accurate mass for 114,iTRAQ114,144.105918
145.019749,3-(carbamidomethylthio)propanoyl,CAMthiopropanoyl,145.019749
145.120000,Accurate mass for DiLeu 115 isobaric tag,DiLeu4plex115,145.12
145.128307,Accurate mass for DiLeu 117 isobaric tag,DiLeu4plex117,145.128307
145.132163,Accurate mass for DiLeu 116 isobaric tag,DiLeu4plex,145.132163
145.140471,Accurate mass for DiLeu 118 isobaric tag,DiLeu4plex118,145.140471
146.036779,hydroxycinnamyl,hydroxycinnamyl,146.036779
146.057909,Fucose,Fuc,146.057909
148.037173,glycosyl-L-hydroxyproline,glycosyl,148.037173
148.089627,D5 N-ethylmaleimide+water on cysteines,NEM:2H(5)+H2O,148.089627
148.109162,mTRAQ heavy,mTRAQ:13C(6)15N(2),148.109162
149.029920,Benzyl isothiocyanate,BITC,149.02992
150.041585,S-guanylation-2,cGMP+RMP-loss,150.041585
151.996571,DTT adduct of cysteine,DTT,151.996571
152.006087,O-diethylphosphothione,Diethylphosphothione,152.006087
152.988449,Shimadzu NBS-12C,NBS-12C,152.988449
154.003110,glycerophospho,glycerophospho,154.00311
154.026609,methylglyoxal-derived tetrahydropyrimidine,Delta:H(6)C(7)O(4),154.026609
154.074228,Side reaction of PG with Side chain of aspartic or glutamic acid,UgiJoullieProGly,154.074228
154.099380,4-Oxononenal (ONE),4-ONE,154.09938
154.110613,Free monolink of DMP crosslinker,DMP-s,154.110613
154.135765,lipid,decanoyl,154.135765
155.004099,Light Sulfanilic Acid (SA) C12,SA_light,155.004099
155.094629,Ammonium-quenched monolink of DSS/BS3 crosslinker,Xlink:DSS[155],155.094629
155.821022,Dibromo,Dibromo,155.821022
156.078644,Water-quenched monolink of DSS/BS3 crosslinker,Xlink:DSS[156],156.078644
156.101111,Addition of arginine due to transpeptidation,Arg,156.101111
156.115030,4-hydroxynonenal (HNE),HNE,156.11503
157.019749,N-ethylmaleimideSulfur,NEMsulfur,157.019749
158.003765,disuccinimidyl sulfoxide CID cleavable cross-link,Xlink:DSSO,158.003765
158.003765,Intact DSSO crosslinker,Xlink:DSSO[158],158.003765
158.130680,reduced 4-Hydroxynonenal,redHNE,158.13068
159.008578,Shimadzu NBS-13C,NBS-13C,159.008578
159.035399,Addition of N-formyl met,+N-formyl-met,159.035399
159.035399,membrane protein extraction,thioacylPA,159.035399
159.068414,5-glutamyl serotonin,serotonylation,159.068414
159.932662,pyrophosphorylation of Ser/Thr,pyrophospho,159.932662
160.037173,Condensation product of glucosone,glucosone,160.037173
161.024228,Heavy Sulfanilic Acid (SA) C13,SA_heavy,161.024228
161.068808,Hexosamine,HexN,161.068808
161.096640,Sulfenic Acid specific probe,DYn-2,161.09664
162.052824,Hexose,Hex,162.052824
162.079313,A fixed +1 charge tag attached to the N-terminus of peptides,CarboxymethylDMAP,162.079313
162.080967,O-pinacolylmethylphosphonylation,O-pinacolylmethylphosphonate,162.080967
162.125595,Unidentified modification of 162.1258 found in open search,Unknown:162,162.125595
163.045570,Phenethyl isothiocyanate,PEITC,163.04557
163.985807,Intact DFDNB crosslinker,Xlink:DFDNB,163.985807
164.060231,O-Diisopropylphosphorylation,O-Diisopropylphosphate,164.060231
165.164326,Tween 20 synthetic polymer terminus,Tween20,165.164326
166.001457,"Chemical reaction with 2,4-dinitro-1-chloro benzene (DNCB)",DNCB_hapten,166.001457
167.982375,3-phosphoglyceryl,3-phosphoglyceryl,167.982375
168.024500,reaction with phenyl vinyl sulfone,phenylsulfonylethyl,168.0245
168.187801,Brij 35 synthetic polymer terminus,Brij35,168.187801
170.013281,o-toluyl-phosphorylation,Cresylphosphate,170.013281
170.036779,Menadione quinone derivative,Menadione-Q,170.036779
170.048013,6-aminoquinolyl-N-hydroxysuccinimidyl carbamate,AccQTag,170.048013
171.149738,APTA-d0,QAT,171.149738
172.012890,"dimethyl 3,3\'-dithiobispropionimidate",Xlink:DTBP,172.01289
172.012890,Intact DTBP crosslinker,Xlink:DTBP[172],172.01289
172.052430,Menadione hydroquinone derivative,Menadione-HQ,172.05243
172.992127,N-ethylmaleimide on selenocysteines,Cys->SecNEM,172.992127
173.092617,Ubiquitin vinylmethylester,Ub-VME,173.092617
173.980921,dithiobis[succinimidylpropionate],Xlink:DTSSP,173.980921
173.980921,Intact DSP/DTSSP crosslinker,Xlink:DTSSP[174],173.980921
174.025169,Thiadiazolydation of Cys,Thiadiazole,174.025169
174.168569,APTA d3,QATd3,174.168569
175.030314,N-ethylmaleimideSulfurWater,NEMsulfurWater,175.030314
175.030314,Ammonia-quenched monolink of DSSO crosslinker,Xlink:DSSO[175],175.030314
175.042199,"naphthalene-2,3-dicarboxaldehyde",NDA,175.042199
176.014330,Water-quenched monolink of DSSO crosslinker,Xlink:DSSO[176],176.01433
176.032088,hexuronic acid,N-glucuronyl,176.032088
176.744957,Unidentified modification of 176.7462 found in open search,Unknown:177,176.744957
178.023511,D5 N-ethylmaleimide on selenocysteines,Cys->SecNEM:2H(5),178.023511
178.047738,Gluconoylation,Galactosyl,178.047738
183.035399,Aminoethylbenzenesulfonylation,AEBS,183.035399
183.983029,derivatization by N-term modification using 3-Sulfobenzoic succinimidyl ester,3sulfo,183.983029
184.079610,"Cys modification by (1-oxyl-2,2,5,5-tetramethyl-3-pyrroline-3-methyl)methanesulfonate (MTSL)",MTSL,184.07961
184.157563,EAPTA d0,EQAT,184.157563
185.189198,spermine adduct,spermine,185.189198
188.032956,Lipoyl,Lipoyl,188.032956
188.156501,Triton synthetic polymer terminus,Triton,188.156501
189.188947,EAPTA d5,EQATd5,189.188947
190.074228,Monobromobimane derivative,Bromobimane,190.074228
191.991486,Water quenched monolink of DSP/DTSSP crosslinker,Xlink:DTSSP[192],191.991486
192.063388,Heptose,Hep,192.063388
195.075625,Azidohomoalanine coupled to reductively cleaved tag,AHA-SS,195.075625
196.084792,disuccinimidyl dibutyric urea CID cleavable cross-link,Xlink:BuUrBu,196.084792
196.084792,Intact BuUrBu crosslinker,Xlink:BuUrBu[196],196.084792
196.108602,Ub amide probe addition,Ub-amide,196.108602
196.121178,desthiobiotin modification of lysine,Biotin:Thermo-88310,196.121178
197.045310,glycerylphosphorylethanolamine,glycerylPE,197.04531
198.981352,"2,4-Dinitrobenzenesulfenyl",DNPS,198.981352
199.066699,oxidized Arginine biotinylated with biotin hydrazide,Argbiotinhydrazide,199.066699
201.970617,Mercury Mercaptan,Hg,201.970617
203.079373,N-Acetylhexosamine,HexNAc,203.079373
203.950987,O-Dichloroethylphosphate,Haloxon,203.950987
204.187801,Farnesylation,Farnesylation,204.187801
206.167065,"(cis,cis-delta 5, delta 8)-tetradecadienoyl",myristoyl-4H,206.167065
208.182715,(cis-delta 5)-tetradecaenoyl,myristoleylation,208.182715
209.018035,Carbamidomethylated DTT modification of cysteine,CarbamidomethylDTT,209.018035
210.002050,Carboxymethylated DTT modification of cysteine,CarboxymethylDTT,210.00205
210.161980,Unidentified modification of 210.1616 found in open search,Unknown:210,210.16198
210.198366,Myristoylation,Myristoylation,210.198366
210.986535,tri nitro benzene,TNBS,210.986535
212.008590,phosphate-ribosylation,phosphoRibosyl,212.00859
213.111341,Ammonia quenched monolink of BuUrBu crosslinker,Xlink:BuUrBu[213],213.111341
214.095357,Water quenched monolink of BuUrBu crosslinker,Xlink:BuUrBu[214],214.095357
214.971084,4-sulfophenyl isothiocyanate,SPITC,214.971084
214.990469,Isotope Distribution Encoded Tag,IDEnT,214.990469
216.099774,Unidentified modification of 216.1002 found in open search,Unknown:216,216.099774
217.095023,Tris-quenched monolink of BS2-G crosslinker,Xlink:BS2G[217],217.095023
217.156612,Accurate mass for DiART6plex 115,DiART6plex115,217.156612
217.162456,Accurate mass for DiART6plex 117,DiART6plex117,217.162456
217.162932,Representative mass and accurate mass for 114,DiART6plex,217.162932
217.168776,Accurate mass for DiART6plex 116 and 119,DiART6plex116/119,217.168776
217.175096,Accurate mass for DiART6plex 118,DiART6plex118,217.175096
218.167065,Michael addition of BHT quinone methide to Cysteine and Lysine,BHT,218.167065
219.089543,succinimidyl 4-[N-maleimidomethyl]cyclohexane-1-carboxylate,Xlink:SMCC,219.089543
219.089543,Intact SMCC cross-link,Xlink:SMCC[219],219.089543
220.048407,Intact or monolink BMOE crosslinker,Xlink:BMOE,220.048407
220.182715,hydroxyfarnesyl,hydroxyfarnesyl,220.182715
220.182715,NP-40 synthetic polymer terminus,NP40,220.182715
220.991213,4-sulfophenyl isothiocyanate (Heavy C13),SPITC_Heavy,220.991213
224.152478,Native Tandem Mass Tag®,TMT,224.152478
224.250401,Brij 58 synthetic polymer terminus,Brij58,224.250401
225.090212,Cys modified with dipy ligand,Dipyridyl,225.090212
225.093583,Iminobiotinylation,Im_biotin,225.093583
225.155833,Duplex Tandem Mass Tag®,TMT2plex,225.155833
226.047738,Intact EGS cross-linker,Xlink:EGS[226],226.047738
226.047738,EGS cross-linker,Xlink:EGS,226.047738
226.077598,Biotinylation,Biotin,226.077598
227.126991,Applied Biosystems cleavable ICAT(TM) light,ICAT_light,227.126991
227.224915,"[3-(2,5)-Dioxopyrrolidin-1-yloxycarbonyl)-propyl]dimethyloctylammonium",C8-QAT,227.224915
228.111007,"2,4-diacetamido-2,4,6-trideoxyglucopyranose",Bacillosamine,228.111007
229.014009,Pyridoxal phosphate,Pyridoxal-phos,229.014009
229.162932,Sixplex Tandem Mass Tag®,TMT6plex,229.162932
231.029660,PLP bound to lysine reduced by sodium borohydride (NaBH4) to create amine linkage,PyridoxalPhosphateH2,231.02966
232.064354,"propyl-1,2-dideoxy-2\'-methyl-alpha-D-glucopyranoso-[2,1-d]-Delta2\'-thiazoline",propyl-NAG-thiazoline,232.064354
233.051049,5-dimethylaminonaphthalene-1-sulfonyl,dansyl,233.051049
234.073953,Unidentified modification of 234.0742 found in open search,Unknown:234,234.073953
234.161980,"Michael addition of t-butyl hydroxylated BHT (BHTOH) to C, H or K",BHTOH,234.16198
235.176741,Super Heavy Tandem Mass Tag,shTMT,235.176741
236.157185,Applied Biosystems cleavable ICAT(TM) heavy,ICAT_heavy,236.157185
236.214016,palmitoleyl,palmitoleyl,236.214016
237.100108,Water quenched monolink of SMCC,Xlink:SMCC[237],237.100108
238.229666,Palmitoylation,Palmitoylation,238.229666
240.104482,oxidized Threonine biotinylated with biotin hydrazide,Thrbiotinhydrazide,240.104482
240.115030,lapachenole photochemically added to cysteine,lapachenole,240.11503
241.088497,oxidized Lysine biotinylated with biotin hydrazide,Lysbiotinhydrazide,241.088497
242.019154,phosphoglycosyl-D-mannose-1-phosphoryl,p-Man,242.019154
242.101505,SUMOylation leaving GlyGlyGln,GGQ,242.101505
243.085521,addition of GGE,pupylation,243.085521
244.058303,Water quenched monolink of EGS cross-linker,Xlink:EGS[244],244.058303
244.101452,CLIP_TRAQ_4,CLIP_TRAQ_4,244.101452
248.198760,Unidentified modification of 248.1986 found in open search,Unknown:248,248.19876
249.981018,Unidentified modification of 249.981 found in open search,Unknown:250,249.981018
251.793296,di-Iodination,di-Iodination,251.793296
252.044287,Nitroso Sulfamethoxazole Sulphenamide thiol adduct,NO_SMX_SEMD,252.044287
252.097088,carbamidomethylated form of reductively cleaved tag coupled to azidohomoalanine,AHA-SS_CAM,252.097088
253.010225,Mass Defect Tag on lysine e-amino,BDMAPP,253.010225
258.014069,Phosphogluconoylation,Phosphogluconoylation,258.014069
258.085186,diglutamyl,-Glu-Glu-,258.085186
258.115047,oxidized proline biotinylated with biotin hydrazide,probiotinhydrazide,258.115047
259.141973,Tris-quenched monolink of DSS/BS3 crosslinker,Xlink:DSS[259],259.141973
263.131014,1-methyl-3-benzoyl-4-hydroxy-4-phenylpiperidine,BMP-piperidinol,263.131014
263.237491,Tween 80 synthetic polymer terminus,Tween80,263.237491
264.084518,Pent(2),Pent(2),264.084518
264.187801,"3,4-didehydroretinylidene",didehydroretinyl,264.187801
265.146664,"3-methyl-5-(methylamino)-1,3-diphenylpentan-1-one",MM-diphenylpentanone,265.146664
266.057909,Adduct of phenylglyoxal with Arg,Arg2PG,266.057909
266.130680,"2-ethyl-3-hydroxy-1,3-diphenylpentan-1-one",EHD-diphenylpentanone,266.13068
266.203451,retinal,retinal,266.203451
267.031377,Nitroso Sulfamethoxazole Sulfinamide thiol adduct,NO_SMX_SIMD,267.031377
267.158292,Modified GMBS X linker,DimethylamineGMBS,267.158292
268.039202,Nitroso Sulfamethoxazole semimercaptal thiol adduct,NO_SMX_SMCT,268.039202
271.148736,CLIP_TRAQ_3,CLIP_TRAQ_3,271.148736
272.250401,Geranyl-geranyl,Geranyl-geranyl,272.250401
275.100502,N-Acetylmuramic acid,MurNAc,275.100502
276.055146,Cresyl-Saligenin-phosphorylation,CresylSaligeninPhosphate,276.055146
279.077658,Tris-quenched monolink of DSSO crosslinker,Xlink:DSSO[279],279.077658
282.052824,bis(hydroxphenylglyoxal) arginine,Arg2HPG,282.052824
283.036187,O3S1HexNAc1,s-GlcNAc,283.036187
283.045704,N-acetylglucosamine-1-phosphoryl,p-GlcNAc,283.045704
287.055563,(-)-dehydroepigallocatechin,EGCG2,287.055563
290.176961,Levuglandinyl - arginine lactam adduct,LG-lactam-R,290.176961
291.095417,N-acetyl neuraminic acid,NeuAc,291.095417
294.095082,Hex Pent,Hex(1)Pent(1),294.095082
294.183109,"cis-14-hydroxy-10,13-dioxo-7-heptadecenoic ester",LTP1-lipid,294.183109
295.189592,Native TMTpro Tandem Mass Tag,TMTpro_zero,295.189592
296.016039,Light IDBEST tag for quantitation,IGBP,296.016039
298.022748,Heavy IDBEST tag for quantitation,IGBP:13C(2),298.022748
298.146347,biotin hydrazide labeled acrolein addition +298,biotinAcrolein298,298.146347
298.193280,Levuglandinyl-lysine anhyropyrrole adduct,LG-anhyropyrrole,298.19328
299.166748,Native cysteine-reactive Tandem Mass Tag®,cysTMT,299.166748
301.986514,Unidentified modification of 301.9864 found in open search,Unknown:302,301.986514
304.177202,cysteine-reactive Sixplex Tandem Mass Tag®,cysTMT6plex,304.177202
304.199040,"Accurate mass for 115, 118, 119 & 121",iTRAQ8plex:13C(6)15N(2),304.19904
304.205360,"Representative mass and accurate mass for 113, 114, 116 & 117",iTRAQ8plex,304.20536
304.207146,TMTpro 16plex Tandem Mass Tag,TMTpro,304.207146
305.041287,Cytidine monophosphate,PhosphoCytidine,305.041287
305.068156,glutathione disulfide,Glutathione,305.068156
306.025302,uridine phosphodiester,p-uridine,306.025302
306.095082,Unidentified modification of 306.0952 found in open search,Unknown:306,306.095082
306.171876,Levuglandinyl - arginine hydroxylactam adduct,LG-Hlactam-R,306.171876
307.090331,N-glycoyl neuraminic acid,NeuGc,307.090331
308.110732,Hex1dHex1,dHex(1)Hex(1),308.110732
308.148455,Side reaction of PGPG with Side chain of aspartic or glutamic acid,UgiJoullieProGlyProGly,308.148455
309.205242,C-terminal homoserine lactone and two aminohexanoic acids,Ahx2+Hsl,309.205242
310.047738,adduction of aflatoxin B1 Dialdehyde to lysine,AFB1_Dialdehyde,310.047738
310.135113,Oxidized arginine biotinylated with biotin-LC-hydrazide,OxArgBiotin,310.135113
311.166748,was PentylamineBiotin,Biotin:Thermo-21345,311.166748
312.150763,"Oxidized arginine biotinylated with biotin-LC-hydrazide, reduced",OxArgBiotinRed,312.150763
314.188195,Levuglandinyl-lysine anhydrolactam adduct,LG-anhydrolactam,314.188195
316.138088,Thio Ether Formation - BTP Adduct,IBTP,316.138088
316.203845,Levuglandinyl-lysine pyrrole adduct,LG-pyrrole,316.203845
317.158686,Tris quenched monolink of BuUrBu crosslinker,Xlink:BuUrBu[317],317.158686
320.100836,carbobenzoxy-L-glutaminyl-glycine,ZQG,320.100836
321.205242,Monolink of SMCC terminated with 3-(dimethylamino)-1-propylamine,Xlink:SMCC[321],321.205242
322.020217,(Iodo)-uracil MP,IodoU-AMP,322.020217
324.035867,Simulate peptide-RNA conjugates,RNPXL,324.035867
324.105647,Lactosylation,Gal-Glu,324.105647
324.216141,Native iodoacetyl Tandem Mass Tag®,iodoTMT,324.216141
325.225309,Nitroalkylation by Nitro Linoleic Acid,NA-LNO2,325.225309
326.141261,biotinoyl-iodoacetyl-ethylenediamine,ied-biotin,326.141261
327.240959,Nitroalkylation by Nitro Oleic Acid,NA-OA-NO2,327.240959
329.052520,AMP,p-adenosine,329.05252
329.226595,Sixplex iodoacetyl Tandem Mass Tag®,iodoTMT6plex,329.226595
330.136176,Ubiquitin D (FAT10) leaving after chymotrypsin digestion Cys-Ile-Gly-Gly,CIGG,330.136176
332.198760,Levuglandinyl - lysine lactam adduct,LG-lactam-K,332.19876
335.121631,Pent HexNAc,Pent(1)HexNAc(1),335.121631
338.084912,Hex HexA,Hex(1)HexA(1),338.084912
338.177647,ESP-Tag light d0,ESP-Tag_light,338.177647
339.161662,NHS-LC-Biotin,Biot_LC,339.161662
340.085794,Phosphopantetheine,p-pantetheine,340.085794
340.100562,glucosylgalactosyl hydroxylysine,glucosylgalactosyl,340.100562
340.167459,Bisphenol A diglycidyl ether derivative,BADGE,340.167459
342.786916,hydrogenase diiron subcluster,Fe-cluster,342.786916
343.031785,S-guanylation,cGMP,343.031785
343.149184,SUMOylation leaving GlnThrGlyGly,QTGG,343.149184
345.047435,phospho-guanosine,p-guanosine,345.047435
345.097915,"N-iodoacetyl, p-chlorobenzyl-12C6-glucamine",Harbury_ICAT_C12,345.097915
348.193674,Levuglandinyl - lysine hydroxylactam adduct,LG-Hlactam-K,348.193674
348.240414,ESP-Tag heavy d10,ESP-Tag_heavy,348.240414
349.137281,HexNAc1dHex1,HexNAc1dHex1,349.137281
351.118044,"N-iodoacetyl, p-chlorobenzyl-13C6-glucamine",Harbury_ICAT_C13,351.118044
352.156911,Oxidized lysine biotinylated with biotin-LC-hydrazide,OxLysBiotin,352.156911
354.172562,"Oxidized lysine biotinylated with biotin-LC-hydrazide, reduced",OxLysBiotinRed,354.172562
356.188212,Biotin polyethyleneoxide amine,BiotinPEO-amine,356.188212
361.146012,Biotin-Phenol,Biotin-tyramide,361.146012
362.136553,nucleophilic addtion to cytopiloyne,cytopiloyne,362.136553
364.076278,Diaminopimelic acid-DSP monolinked,Dap-DSP,364.076278
365.132196,Hex1HexNAc1,Hex(1)HexNAc(1),365.132196
368.344302,cholesterol ester,C-cholesterol,368.344302
369.183461,Oxidized Proline biotinylated with biotin-LC-hydrazide,OxProBiotin,369.183461
371.199111,"Oxidized proline biotinylated with biotin-LC-hydrazide, reduced",OxProBiotinRed,371.199111
372.142033,"2,3,4,6-tetra-O-Acetyl-1-allyl-alpha-D-galactopyranoside modification of cysteine",4AcAllylGal,372.142033
377.689944,tri-Iodination,tri-Iodination,377.689944
380.147118,nucleophilic addition to cytopiloyne+H2O,cytopiloyne+H2O,380.147118
383.148121,covalent linkage of maleimidyl coumarin probe (Molecular Probes D-10253),MDCC,383.148121
383.228103,Ubiquitination,LeuArgGlyGly,383.228103
386.110369,(3-aminopropyl)(L-aspartyl-1-amino)phosphoryl-5-adenosine,C-Asn-deriv,386.110369
387.074287,"5-Iodoacetamidofluorescein (Molecular Probe, Eugene, OR)",Fluorescein,387.074287
387.127779,triglutamyl,-Glu-Glu-Glu-,387.127779
389.090154,EZ-Link Sulfo-NHS-SS-Biotin,Biotin:Thermo-21328,389.090154
397.243753,LeumethylArgGlyGly,LRGG+methyl,397.243753
404.062462,Hex(2) O(3) S,Hex(2)Sulf(1),404.062462
404.071978,H1O3P1Hex2,PhosphoHex(2),404.071978
406.158745,HexNAc2,HexNAc2,406.158745
411.259403,LeudimethylArgGlyGly,LRGG+dimethyl,411.259403
414.167478,Bodipy modifications onto cysteine,Bodipy,414.167478
414.193691,"Biotinyl-iodoacetamidyl-3,6-dioxaoctanediamine",PEO-Biotin,414.193691
418.137616,dipyrrolylmethanemethyl,dipyrrole,418.137616
420.051719,Unidentified modification of 420.0506 found in open search,Unknown:420,420.051719
421.073241,fluorescein-5-thiosemicarbazide,FTC,421.073241
426.137341,Hex Pent(2),Hex(1)Pent(2),426.137341
427.069202,fluorescein-5-maleimide,F-NEM,427.069202
428.191582,Pierce EZ-Link Biotin-HPDP,Biotin:Thermo-21341,428.191582
437.201774,BisANS with loss of both sulfonates,bisANS-sulfonates,437.201774
438.094051,O3-(riboflavin phosphoryl),FMN2,438.094051
440.152991,Hex:1 Pent:2 Me:1,Hex(1)Pent(2)Me(1),440.152991
442.224991,Applied Biosystems original ICAT(TM) d0,AB_old_ICATd0,442.224991
443.291294,desthiobiotin fluorophosphonate,Biotin:Thermo-88317,443.291294
445.089011,Hex HexNAc Sulf,Hex(1)HexNAc(1)Sulf(1),445.089011
445.098527,Hex HexNAc Phos,Hex(1)HexNAc(1)Phos(1),445.098527
447.195679,6-N-biotinylaminohexyl isopropyl phosphate,Biotin:TRC-B394885,447.195679
449.173290,was Biotin-maleimide,Biotin:Sigma-B1267,449.17329
450.275205,Applied Biosystems original ICAT(TM) d8,AB_old_ICATd8,450.275205
452.034807,Iodoacetamide derivative of stilbene (reaction product with thiol),IASD,452.034807
452.245726,Biot_LC_LC,Biotin:Thermo-21338,452.245726
453.148240,Hex NeuAc ---OR--- HexNAc Kdn,Hex(1)NeuAc(1),453.14824
453.212452,Puromycin,Puromycin,453.212452
454.088965,flavin mononucleotide,FMN,454.088965
454.210387,beta-Funaltrexamine,betaFNA,454.210387
456.069261,(-)-epigallocatechin-3-gallate,EGCG1,456.069261
456.104615,S-(4a-FMN),FMN3,456.104615
458.162391,High molecular absorption label for proteins,SulfoGMBS,458.162391
469.143155,Hex NeuGc,Hex(1)NeuGc(1),469.143155
469.228496,SUMOylation by Giardia lamblia,NQIGG,469.228496
469.716159,triiodo,triiodo,469.716159
470.163556,Hex2dHex1,dHex(1)Hex(2),470.163556
470.266839,Modification of cystein by withaferin,Withaferin,470.266839
471.131802,fluorescein-hexanoate-NHS hydrolysis,NHS-fluorescein,471.131802
473.219571,Biotin_PEG4,Biotin:Thermo-21330,473.219571
474.250515,High molecular absorption maleimide label for proteins,Atto495Maleimide,474.250515
484.228162,Sumo mutant Smt3-WT tail following trypsin digestion,EQIGG,484.228162
486.115560,HexNAc(2) Sulf,HexNAc(2)Sulf(1),486.11556
486.158471,Hex3,Hex3,486.158471
486.251206,Gygi ICAT(TM) d0,Gygi_ICATd0,486.251206
487.246455,was Biotin-PEO4-hydrazide,Biotin:Thermo-21360,487.246455
490.174218,EDT-iodo-PEO-biotin,EDT-i-biotin,490.174218
493.116152,Fluorescein-tyramine adduct by peroxidase activity,Fluorescein-tyramine,493.116152
494.174789,HexNAc NeuAc,HexNAc(1)NeuAc(1),494.174789
494.301420,Gygi ICAT(TM) d8,Gygi_ICATd8,494.30142
495.195190,HexNAc1dHex2,HexNAc1dHex2,495.19519
502.202341,Photocleavable Biotin + GalNAz on O-GlcNAc,AMTzHexNAc2,502.202341
510.169704,HexNAc NeuGc,HexNAc(1)NeuGc(1),510.169704
511.190105,Hex1HexNAc1dHex1,Hex1HexNAc1dHex1,511.190105
511.319226,"4-hydroxy-2-nonenal and biotinamidohexanoic acid hydrazide, reduced",HNE-BAHAH,511.319226
516.170373,tetraglutamyl,-Glu-Glu-Glu-Glu-,516.170373
521.884073,molybdopterin,molybdopterin,521.884073
523.210069,Nalpha-(3-maleimidylpropionyl)biocytin,Biotin:Invitrogen-M1602,523.210069
525.142894,thiophosphate labeled with biotin-HPDP,Thiophos-S-S-biotin,525.142894
525.205755,Hex HexNAc dHex Me,Hex(1)HexNAc(1)dHex(1)Me(1),525.205755
525.225719,Maleimide-Biotin,Biotin:Thermo-21901,525.225719
527.185020,Hex(2) HexNAc,Hex(2)HexNAc(1),527.18502
539.221405,Hex HexNAc dHex Me(2),Hex(1)HexNAc(1)dHex(1)Me(2),539.221405
541.061110,ADP Ribose addition,ADP-Ribose,541.06111
541.164284,Hex HexA HexNAc,Hex(1)HexA(1)HexNAc(1),541.164284
541.200670,Hex(2) HexNAc Me,Hex(2)HexNAc(1)Me(1),541.20067
543.236284,Maleimide-Biotin + Water,Biotin:Thermo-21901+H2O,543.236284
546.208295,Sulfo-SBED Label Photoreactive Biotin Crosslinker minus Hydrogen,Biotin:Thermo-33033-H,546.208295
548.223945,Sulfo-SBED Label Photoreactive Biotin Crosslinker,Biotin:Thermo-33033,548.223945
552.216654,HexNAc2dHex1,HexNAc2dHex1,552.216654
558.179600,Hex Pent(3),Hex(1)Pent(3),558.1796
561.246849,Maleimide-Biotin + 2Water,Biotin:Thermo-21901+2H2O,561.246849
568.211569,Hex1HexNAc2,Hex1HexNAc2,568.211569
572.181134,"tris(2,4,6-trimethoxyphenyl)phosphonium acetic acid N-hydroxysuccinimide ester derivative",TMPP-Ac,572.181134
572.195250,Hex Pent(3) Me,Hex(1)Pent(3)Me(1),572.19525
572.316129,10-ethoxyphosphinyl-N-(biotinamidopentyl)decanamide,FP-Biotin,572.316129
576.511761,diacylglycerol,diacylglycerol,576.511761
578.317646,Biotin polyethyleneoxide (n=3) alkyne,Biotin-PEG-PRA,578.317646
581.211328,"heavy tris(2,4,6-trimethoxyphenyl)phosphonium acetic acid N-hydroxysuccinimide ester derivative",TMPP-Ac:13C(9),581.211328
584.263485,phytochromobilin,phytochromobilin,584.263485
585.190499,Hex NeuAc Pent,Hex(1)NeuAc(1)Pent(1),585.190499
586.279135,phycocyanobilin,phycocyanobilin,586.279135
588.190165,Hex(2) Pent(2),Hex(2)Pent(2),588.190165
588.294785,phycoerythrobilin,phycoerythrobilin,588.294785
594.091928,"4,4\'-dianilino-1,1\'-binaphthyl-5,5\'-disulfonic acid",BisANS,594.091928
595.612807,tetraiodo,tetraiodo,595.612807
597.209772,Ub Fluorescein probe addition,Ub-fluorescein,597.209772
599.266339,SUMOylation by SUMO-2/3,QQQTGG,599.266339
600.250354,SUMOylation by SUMO-1,QEQTGG,600.250354
601.206246,EDT-maleimide-PEO-biotin,EDT-m-biotin,601.206246
602.205815,Hex(2) Pent(2) Me,Hex(2)Pent(2)Me(1),602.205815
607.141834,Hex(2) HexNAc Sulf,Hex(2)HexNAc(1)Sulf(1),607.141834
609.238118,HexNAc(3),HexNAc(3),609.238118
614.161645,hydroxyheme,hydroxyheme,614.161645
615.201064,Hex(2) NeuAc ---OR--- Hex HexNAc Kdn,Hex(2)NeuAc(1),615.201064
616.177295,heme,heme,616.177295
616.221465,Hex2 dHex2,dHex(2)Hex(2),616.221465
626.263502,Alkylation by biotinylated form of phenacyl bromide,Biotin-phenacyl,626.263502
626.386577,was 15dB-biotin,Biotin:Cayman-10141,626.386577
632.216379,Hex3dHex1,dHex(1)Hex(3),632.216379
634.662782,S-diphytanylglycerol diether,S-archaeol,634.662782
646.195644,dHex Hex(2) HexA,dHex(1)Hex(2)HexA(1),646.195644
648.168383,Hex HexNAc(2) Sulf,Hex(1)HexNAc(2)Sulf(1),648.168383
648.211294,Hex(4),Hex(4),648.211294
656.227613,Hex1HexNAc1NeuAc1,Hex1HexNAc1NeuAc1,656.227613
659.312423,TAMRA fluorophosphonate modification of serine,TAMRA-FP,659.312423
660.428442,was PGA1-biotin,Biotin:Cayman-10013,660.428442
672.222527,Hex HexNAc NeuGc,Hex(1)HexNAc(1)NeuGc(1),672.222527
672.298156,Cy3 CyDye DIGE Fluor saturation dye,CyDye-Cy3,672.298156
673.242928,dHex Hex(2) HexNAc,dHex(1)Hex(2)HexNAc(1),673.242928
682.246120,fluorescent dye that labels cysteines,Cy3b-maleimide,682.24612
684.298156,Cy5 CyDye DIGE Fluor saturation dye,CyDye-Cy5,684.298156
688.199683,Glycosylation with IME linked Hex(2) NeuAc,IMEHex(2)NeuAc(1),688.199683
689.194932,HexNAc(3) Sulf,HexNAc(3)Sulf(1),689.194932
689.237843,Hex(3) HexNAc,Hex(3)HexNAc(1),689.237843
695.157878,Hex HexNAc Kdn Sulf,Hex(1)HexNAc(1)Kdn(1)Sulf(1),695.157878
695.280074,Azidohomoalanine (AHA) bound to DDDDK-propargylglycine-NH2 (alkyne),AHA-Alkyne-KDDDD,695.280074
695.310118,was ChromoBiotin,Biotin:Thermo-21325,695.310118
697.254162,HexNAc(2) NeuAc,HexNAc(2)NeuAc(1),697.254162
698.238177,Ac Hex HexNAc NeuAc,Hex(1)HexNAc(1)NeuAc(1)Ac(1),698.238177
698.274563,HexNAc2dHex2,HexNAc2dHex2,698.274563
700.253828,Hex1HexNAc2Pent1,Hex1HexNAc2Pent1,700.253828
703.217108,HexNAc Kdn(2) ---OR--- Hex(2) HexNAc HexA,HexNAc(1)Kdn(2),703.217108
703.253493,Hex(3) HexNAc Me,Hex(3)HexNAc(1)Me(1),703.253493
710.383719,Methyl-PEO12-Maleimide,Methyl-PEO12-Maleimide,710.383719
712.136808,Hex(2) HexA Pent Sulf,Hex(2)HexA(1)Pent(1)Sulf(1),712.136808
713.093079,bis-((N-iodoacetyl)piperazinyl)sulfonerhodamine,bNis,713.093079
713.249076,HexNAc(2) NeuGc,HexNAc(2)NeuGc(1),713.249076
714.269478,Hex1HexNAc2dHex1,Hex1HexNAc2dHex1,714.269478
728.177625,Hex(4) Phos,Hex(4)Phos(1),728.177625
730.264392,Hex2HexNAc2,Hex2HexNAc2,730.264392
736.184427,Hex HexNAc NeuAc Sulf,Hex(1)HexNAc(1)NeuAc(1)Sulf(1),736.184427
744.243657,Hex HexA HexNAc(2),Hex(1)HexA(1)HexNAc(2),744.243657
753.199743,dHex Hex(2) HexNAc Sulf,dHex(1)Hex(2)HexNAc(1)Sulf(1),753.199743
753.262796,Cy3 Maleimide mono-Reactive dye,Cy3-maleimide,753.262796
755.296027,dHex HexNAc(3),dHex(1)HexNAc(3),755.296027
758.380841,NHS ester linked Green Fluorescent Bodipy Dye,ZGB,758.380841
761.258973,dHex Hex HexNAc Kdn ---OR--- Hex(2) dHex NeuAc,dHex(1)Hex(1)HexNAc(1)Kdn(1),761.258973
765.099560,Cysteine modified Coenzyme A,CysCoA,765.09956
771.290941,Hex HexNAc(3),Hex(1)HexNAc(3),771.290941
777.210976,HexNAc(2) NeuAc Sulf,HexNAc(2)NeuAc(1)Sulf(1),777.210976
778.274288,dHex(2) Hex(3),dHex(2)Hex(3),778.274288
783.141486,Flavin adenine dinucleotide,FAD,783.141486
783.173922,Hex(2) HexA HexNAc Sulf,Hex(2)HexA(1)HexNAc(1)Sulf(1),783.173922
788.725777,N-acyl diglyceride cysteine,Tripalmitate,788.725777
792.253553,dHex(2) Hex(2) HexA,dHex(2)Hex(2)HexA(1),792.253553
794.226292,dHex Hex HexNAc(2) Sulf,dHex(1)Hex(1)HexNAc(2)Sulf(1),794.226292
794.269203,Hex4dHex1,dHex(1)Hex(4),794.269203
802.285522,dHex Hex HexNAc NeuAc,dHex(1)Hex(1)HexNAc(1)NeuAc(1),802.285522
810.221207,Hex(2) HexNAc(2) Sulf,Hex(2)HexNAc(2)Sulf(1),810.221207
810.264117,Hex(5),Hex(5),810.264117
812.317490,HexNAc(4),HexNAc(4),812.31749
817.260035,HexNAc NeuGc(2),HexNAc(1)NeuGc(2),817.260035
818.280436,dHex Hex HexNAc NeuGc ---OR--- Hex(2) HexNAc NeuAc,dHex(1)Hex(1)HexNAc(1)NeuGc(1),818.280436
819.300837,dHex(2) Hex(2) HexNAc,dHex(2)Hex(2)HexNAc(1),819.300837
820.336015,Cysteine modifier,AROD,820.336015
821.280102,Hex3HexNAc1Pent1,Hex3HexNAc1Pent1,821.280102
824.243382,Hex(4) HexA,Hex(4)HexA(1),824.243382
831.197041,microcin E492 siderophore ester from serine,microcin,831.197041
834.275351,Hex(2) HexNAc NeuGc,Hex(2)HexNAc(1)NeuGc(1),834.275351
835.259366,Hex(2) HexNAc Pent HexA,Hex(2)HexNAc(1)Pent(1)HexA(1),835.259366
835.295752,dHex Hex(3) HexNAc,dHex(1)Hex(3)HexNAc(1),835.295752
845.403166,SUMOylation by SUMO-2/3 (formic acid cleavage),VFQQQTGG,845.403166
846.311736,Hex1HexNAc2dHex1Pent1,Hex1HexNAc2dHex1Pent1,846.311736
849.275017,dHex Hex(2) HexA HexNAc,dHex(1)Hex(2)HexA(1)HexNAc(1),849.275017
851.247756,Hex HexNAc(3) Sulf,Hex(1)HexNAc(3)Sulf(1),851.247756
851.290667,Hex(4) HexNAc,Hex(4)HexNAc(1),851.290667
859.306985,Hex HexNAc(2) NeuAc,Hex(1)HexNAc(2)NeuAc(1),859.306985
860.327386,Hex1HexNAc2dHex2,Hex1HexNAc2dHex2,860.327386
862.306651,Hex2HexNAc2Pent1,Hex2HexNAc2Pent1,862.306651
865.269931,Hex(3) HexNAc HexA,Hex(3)HexNAc(1)HexA(1),865.269931
875.301900,Hex HexNAc(2) NeuGc,Hex(1)HexNAc(2)NeuGc(1),875.3019
876.322301,Hex2HexNAc2dHex1,Hex2HexNAc2dHex1,876.322301
881.146904,phosphoribosyl dephospho-coenzyme A,pRibodePcoA,881.146904
890.230448,Hex(5) Phos,Hex(5)Phos(1),890.230448
892.317216,Hex3HexNAc2,Hex3HexNAc2,892.317216
907.316881,dHex(2) Hex HexNAc Kdn,dHex(2)Hex(1)HexNAc(1)Kdn(1),907.316881
915.252567,dHex Hex(3) HexNAc Sulf,dHex(1)Hex(3)HexNAc(1)Sulf(1),915.252567
917.348850,dHex Hex HexNAc(3),dHex(1)Hex(1)HexNAc(3),917.34885
921.461652,Biotin-PEG11-maleimide,Biotin:Thermo-21911,921.461652
922.834855,copper sulfido molybdopterin cytosine dinuncleotide,CuSMo,922.834855
929.231831,dHex Hex(2) HexA HexNAc Sulf,dHex(1)Hex(2)HexA(1)HexNAc(1)Sulf(1),929.231831
933.343765,Hex(2) HexNAc(3),Hex(2)HexNAc(3),933.343765
939.263800,Hex HexNAc(2) NeuAc Sulf,Hex(1)HexNAc(2)NeuAc(1)Sulf(1),939.2638
940.199900,Thiol-reactive dye for fluorescence labelling of proteins,DyLight-maleimide,940.1999
940.284201,Hex HexNAc(2) dHex(2) Sulf,Hex(1)HexNAc(2)dHex(2)Sulf(1),940.284201
940.327112,dHex(2) Hex(4),dHex(2)Hex(4),940.327112
947.323029,Hex HexNAc NeuAc(2) ---OR--- Hex HexNAc(3) HexA,Hex1HexNAc1NeuAc2,947.323029
948.343430,dHex(2) HexNAc(2) Kdn,dHex(2)HexNAc(2)Kdn(1),948.34343
956.279116,dHex Hex(2) HexNAc(2) Sulf,dHex(1)Hex(2)HexNAc(2)Sulf(1),956.279116
956.322026,Hex5dHex1,dHex(1)Hex(5),956.322026
958.375399,dHex HexNAc(4),dHex(1)HexNAc(4),958.375399
961.302294,HexA(2) HexNAc(3),HexA(2)HexNAc(3),961.302294
963.317944,Hex HexNAc NeuAc NeuGc,Hex(1)HexNAc(1)NeuAc(1)NeuGc(1),963.317944
964.338345,dHex Hex HexNAc(2) Kdn ---OR--- Hex(2) HexNAc dHex NeuAc,dHex(1)Hex(1)HexNAc(2)Kdn(1),964.338345
969.366232,maleimide-3-saccharide,maleimide3,969.366232
970.301291,dHex Hex(4) HexA,dHex(1)Hex(4)HexA(1),970.301291
972.283547,Hex(3) HexNAc(2) Phos,Hex3HexNAc2Phos1,972.283547
972.365219,ExacTag Thiol label mass for 2-4-7-10 plex,ExacTagThiol,972.365219
979.312859,Hex HexNAc NeuGc(2),Hex(1)HexNAc(1)NeuGc(2),979.312859
986.296206,Hex(5) HexA,Hex(5)HexA(1),986.296206
989.333594,Ac Hex HexNAc NeuAc(2),Hex(1)HexNAc(1)NeuAc(2)Ac(1),989.333594
995.332925,dHex(2) Hex(2) HexA HexNAc,dHex(2)Hex(2)HexA(1)HexNAc(1),995.332925
997.305665,dHex Hex HexNAc(3) Sulf,dHex(1)Hex(1)HexNAc(3)Sulf(1),997.305665
1003.232225,Hex(2) HexA NeuAc Pent Sulf,Hex(2)HexA(1)NeuAc(1)Pent(1)Sulf(1),1003.232225
1005.364894,dHex Hex HexNAc(2) NeuAc,dHex(1)Hex(1)HexNAc(2)NeuAc(1),1005.364894
1008.364560,dHex Hex(2) HexNAc(2) Pent,dHex(1)Hex(2)HexNAc(2)Pent(1),1008.36456
1011.327840,dHex Hex(3) HexA HexNAc,dHex(1)Hex(3)HexA(1)HexNAc(1),1011.32784
1013.300579,Hex(2) HexNAc(3) Sulf,Hex(2)HexNAc(3)Sulf(1),1013.300579
1013.343490,Hex(5) HexNAc,Hex(5)HexNAc(1),1013.34349
1015.396863,HexNAc(5),HexNAc(5),1015.396863
1021.359809,Hex(2) HexNAc(2) NeuAc ---OR--- dHex Hex HexNAc(2) NeuGc,Hex(2)HexNAc(2)NeuAc(1),1021.359809
1022.380210,dHex(2) Hex(2) HexNAc(2),dHex(2)Hex(2)HexNAc(2),1022.38021
1024.359475,Hex(3) HexNAc(2) Pent,Hex(3)HexNAc(2)Pent(1),1024.359475
1027.322755,Hex(4) HexA HexNAc,Hex(4)HexA(1)HexNAc(1),1027.322755
1031.344159,Ac(2) Hex HexNAc NeuAc(2),Hex(1)HexNAc(1)NeuAc(2)Ac(2),1031.344159
1037.354723,Hex(2) HexNAc(2) NeuGc,Hex(2)HexNAc(2)NeuGc(1),1037.354723
1038.375125,dHex Hex(3) HexNAc(2),dHex(1)Hex(3)HexNAc(2),1038.375125
1046.347854,ExacTag Amine label mass for 2-4-7-10 plex,ExacTagAmine,1046.347854
1050.163110,Hex(5) Phos(3),Hex(5)Phos(3),1050.16311
1052.283272,Hex(6) Phos,Hex(6)Phos(1),1052.283272
1052.354389,dHex Hex(2) HexA HexNAc(2),dHex(1)Hex(2)HexA(1)HexNAc(2),1052.354389
1054.370039,Hex(4) HexNAc(2),Hex(4)HexNAc(2),1054.370039
1061.310475,dHex(2) Hex(3) HexNAc Sulf,dHex(2)Hex(3)HexNAc(1)Sulf(1),1061.310475
1062.386358,Hex HexNAc(3) NeuAc,Hex(1)HexNAc(3)NeuAc(1),1062.386358
1063.406759,dHex(2) Hex HexNAc(3),dHex(2)Hex(1)HexNAc(3),1063.406759
1078.381273,Hex HexNAc(3) NeuGc,Hex(1)HexNAc(3)NeuGc(1),1078.381273
1079.401674,dHex Hex(2) HexNAc(3),dHex(1)Hex(2)HexNAc(3),1079.401674
1085.321709,dHex Hex HexNAc(2) NeuAc Sulf,dHex(1)Hex(1)HexNAc(2)NeuAc(1)Sulf(1),1085.321709
1091.284655,dHex Hex(3) HexA HexNAc Sulf,dHex(1)Hex(3)HexA(1)HexNAc(1)Sulf(1),1091.284655
1093.380938,dHex Hex HexA HexNAc(3),dHex(1)Hex(1)HexA(1)HexNAc(3),1093.380938
1095.396588,Hex(3) HexNAc(3),Hex(3)HexNAc(3),1095.396588
1101.316623,Hex(2) HexNAc(2) NeuAc Sulf,Hex(2)HexNAc(2)NeuAc(1)Sulf(1),1101.316623
1102.337025,dHex(2) Hex(2) HexNAc(2) Sulf,dHex(2)Hex(2)HexNAc(2)Sulf(1),1102.337025
1106.489350,Side reaction of HisTag,UgiJoullie,1106.48935
1110.396254,dHex(2) Hex HexNAc(2) Kdn ---OR--- Hex(2) HexNAc dHex(2) NeuAc,dHex(2)Hex(1)HexNAc(2)Kdn(1),1110.396254
1118.331939,dHex Hex(3) HexNAc(2) Sulf,dHex(1)Hex(3)HexNAc(2)Sulf(1),1118.331939
1118.374850,Hex6dHex1,dHex(1)Hex(6),1118.37485
1120.428223,dHex Hex HexNAc(4),dHex(1)Hex(1)HexNAc(4),1120.428223
1127.411570,dHex(3) Hex(3) HexNAc,dHex(3)Hex(3)HexNAc(1),1127.41157
1129.390834,dHex Hex(4) HexNAc Pent,dHex(1)Hex(4)HexNAc(1)Pent(1),1129.390834
1136.423137,Hex(2) HexNAc(4),Hex(2)HexNAc(4),1136.423137
1141.365682,Hex(2) HexNAc NeuGc(2),Hex(2)HexNAc(1)NeuGc(2),1141.365682
1143.406484,dHex(2) Hex(4) HexNAc,dHex(2)Hex(4)HexNAc(1),1143.406484
1150.402402,Hex HexNAc(2) NeuAc(2),Hex(1)HexNAc(2)NeuAc(2),1150.402402
1151.422803,dHex(2) Hex HexNAc(2) NeuAc,dHex(2)Hex(1)HexNAc(2)NeuAc(1),1151.422803
1159.358488,dHex Hex(2) HexNAc(3) Sulf,dHex(1)Hex(2)HexNAc(3)Sulf(1),1159.358488
1161.454772,dHex HexNAc(5),dHex(1)HexNAc(5),1161.454772
1167.417718,dHex(2) Hex HexNAc(2) NeuGc ---OR--- Hex(2) HexNAc(2) dHex NeuAc ---OR--- Hex HexNAc(3) dHex Kdn,dHex(2)Hex(1)HexNAc(2)NeuGc(1),1167.417718
1168.438119,dHex(3) Hex(2) HexNAc(2),dHex(3)Hex(2)HexNAc(2),1168.438119
1170.417383,dHex Hex(3) HexNAc(2) Pent,dHex(1)Hex(3)HexNAc(2)Pent(1),1170.417383
1175.353403,Hex(3) HexNAc(3) Sulf,Hex(3)HexNAc(3)Sulf(1),1175.353403
1175.396314,Hex(6) HexNAc,Hex(6)HexNAc(1),1175.396314
1182.293839,dHex(2) Hex(2) HexNAc(2) Sulf(2),dHex(2)Hex(2)HexNAc(2)Sulf(2),1182.293839
1183.412632,Hex(3) HexNAc(2) NeuAc,Hex(3)HexNAc(2)NeuAc(1),1183.412632
1183.412632,dHex Hex(2) HexNAc(2) NeuGc ---OR--- Hex(3) HexNAc(2) NeuAc,dHex(1)Hex(2)HexNAc(2)NeuGc(1),1183.412632
1184.433033,dHex(2) Hex(3) HexNAc(2),dHex(2)Hex(3)HexNAc(2),1184.433033
1186.412298,Hex(4) HexNAc(2) Pent,Hex(4)HexNAc(2)Pent(1),1186.412298
1200.385037,Sulf dHex Hex HexNAc(4),Hex(1)HexNAc(4)dHex(1)Sulf(1),1200.385037
1200.427948,dHex Hex(4) HexNAc(2),dHex(1)Hex(4)HexNAc(2),1200.427948
1203.577168,SUMOylation by SUMO-1 (formic acid cleavage),VIEVYQEQTGG,1203.577168
1208.444267,dHex Hex HexNAc(3) NeuAc,dHex(1)Hex(1)HexNAc(3)NeuAc(1),1208.444267
1212.215934,Hex(6) Phos(3),Hex(6)Phos(3),1212.215934
1214.407213,dHex Hex(3) HexA HexNAc(2),dHex(1)Hex(3)HexA(1)HexNAc(2),1214.407213
1216.422863,N-linked glycan core,N-glycan,1216.422863
1224.439181,dHex Hex HexNAc(3) NeuGc ---OR--- Hex(2) HexNAc(3) NeuAc,dHex(1)Hex(1)HexNAc(3)NeuGc(1),1224.439181
1225.459583,dHex(2) Hex(2) HexNAc(3),dHex(2)Hex(2)HexNAc(3),1225.459583
1227.438847,Hex(3) HexNAc(3) Pent,Hex(3)HexNAc(3)Pent(1),1227.438847
1230.359217,Hex HexNAc(2) NeuAc(2) Sulf,Hex(1)HexNAc(2)NeuAc(2)Sulf(1),1230.359217
1237.342563,dHex(2) Hex(3) HexA HexNAc Sulf,dHex(2)Hex(3)HexA(1)HexNAc(1)Sulf(1),1237.342563
1238.418446,Hex HexNAc NeuAc(3),Hex(1)HexNAc(1)NeuAc(3),1238.418446
1240.434096,Hex(2) HexNAc(3) NeuGc,Hex(2)HexNAc(3)NeuGc(1),1240.434096
1241.454497,dHex Hex(3) HexNAc(3),dHex(1)Hex(3)HexNAc(3),1241.454497
1247.374532,dHex Hex(2) HexNAc(2) NeuAc Sulf,dHex(1)Hex(2)HexNAc(2)NeuAc(1)Sulf(1),1247.374532
1255.433762,dHex Hex(2) HexNAc NeuAc(2),dHex(1)Hex(2)HexNAc(1)NeuAc(2),1255.433762
1256.454163,dHex(3) Hex HexNAc(2) Kdn,dHex(3)Hex(1)HexNAc(2)Kdn(1),1256.454163
1257.449412,Hex(4) HexNAc(3),Hex(4)HexNAc(3),1257.449412
1264.389848,dHex(2) Hex(3) HexNAc(2) Sulf,dHex(2)Hex(3)HexNAc(2)Sulf(1),1264.389848
1272.449077,dHex(2) Hex(2) HexNAc(2) Kdn,dHex(2)Hex(2)HexNAc(2)Kdn(1),1272.449077
1278.369113,dHex(2) Hex(2) HexA HexNAc(2) Sulf,dHex(2)Hex(2)HexA(1)HexNAc(2)Sulf(1),1278.369113
1282.481046,dHex Hex(2) HexNAc(4),dHex(1)Hex(2)HexNAc(4),1282.481046
1286.403190,Hex HexNAc NeuGc(3),Hex(1)HexNAc(1)NeuGc(3),1286.40319
1288.401081,dHex Hex HexNAc(3) NeuAc Sulf,dHex(1)Hex(1)HexNAc(3)NeuAc(1)Sulf(1),1288.401081
1293.471879,maleimide-5-saccharide,maleimide5,1293.471879
1294.364027,dHex Hex(3) HexA HexNAc(2) Sulf,dHex(1)Hex(3)HexA(1)HexNAc(2)Sulf(1),1294.364027
1296.389194,Hex(5) HexNAc(2) Phos,Hex(5)HexNAc(2)Phos(1),1296.389194
1296.460311,dHex Hex HexNAc(2) NeuAc(2),dHex(1)Hex(1)HexNAc(2)NeuAc(2),1296.460311
1297.480712,dHex(3) HexNAc(3) Kdn,dHex(3)HexNAc(3)Kdn(1),1297.480712
1298.475961,Biantennary (-2 galactose),G0,1298.475961
1304.395996,Hex(2) HexNAc(3) NeuAc Sulf,Hex(2)HexNAc(3)NeuAc(1)Sulf(1),1304.395996
1305.416397,dHex(2) Hex(2) HexNAc(3) Sulf,dHex(2)Hex(2)HexNAc(3)Sulf(1),1305.416397
1307.512681,dHex(2) HexNAc(5),dHex(2)HexNAc(5),1307.512681
1312.455225,Hex(2) HexNAc(2) NeuAc(2),Hex(2)HexNAc(2)NeuAc(2),1312.455225
1313.475627,dHex(2) Hex(2) HexNAc(2) NeuAc ---OR--- Hex HexNAc(3) dHex(2) Kdn,dHex(2)Hex(2)HexNAc(2)NeuAc(1),1313.475627
1321.411312,dHex Hex(3) HexNAc(3) Sulf,dHex(1)Hex(3)HexNAc(3)Sulf(1),1321.411312
1324.630800,Ubiquitin D (FAT10) leaving after trypsin digestion Gly-Asn-Leu-Leu-Phe-Leu-Ala-Cys-Tyr-Cys-Ile-Gly-Gly,GNLLFLACYCIGG,1324.6308
1329.470541,dHex(2) Hex(2) HexNAc(2) NeuGc ---OR--- Hex(3) HexNAc(2) dHex NeuAc ---OR--- Hex(2) HexNAc(3) dHex Kdn,dHex(2)Hex(2)HexNAc(2)NeuGc(1),1329.470541
1330.490942,dHex(3) Hex(3) HexNAc(2),dHex(3)Hex(3)HexNAc(2),1330.490942
1332.470207,dHex Hex(4) HexNAc(2) Pent,dHex(1)Hex(4)HexNAc(2)Pent(1),1332.470207
1337.449137,Hex(7) HexNAc,Hex(7)HexNAc(1),1337.449137
1339.502510,Hex(2) HexNAc(5),Hex(2)HexNAc(5),1339.50251
1345.465456,Hex(4) HexNAc(2) NeuAc ---OR--- Hex(3) HexNAc(2) dHex NeuGc,Hex(4)HexNAc(2)NeuAc(1),1345.465456
1345.465456,dHex Hex(3) HexNAc(2) NeuGc,dHex(1)Hex(3)HexNAc(2)NeuGc(1),1345.465456
1346.442946,dHex(2) Hex HexNAc(4) Sulf,dHex(2)Hex(1)HexNAc(4)Sulf(1),1346.442946
1346.485857,dHex(2) Hex(4) HexNAc(2),dHex(2)Hex(4)HexNAc(2),1346.485857
1353.481775,Hex HexNAc(3) NeuAc(2),Hex(1)HexNAc(3)NeuAc(2),1353.481775
1362.480772,dHex Hex(5) HexNAc(2),dHex(1)Hex(5)HexNAc(2),1362.480772
1370.497090,dHex Hex(2) HexNAc(3) NeuAc,dHex(1)Hex(2)HexNAc(3)NeuAc(1),1370.49709
1371.517491,dHex(3) Hex(2) HexNAc(3),dHex(3)Hex(2)HexNAc(3),1371.517491
1373.496756,dHex Hex(3) HexNAc(3) Pent,dHex(1)Hex(3)HexNAc(3)Pent(1),1373.496756
1374.268757,Hex(7) Phos(3),Hex(7)Phos(3),1374.268757
1376.460036,dHex Hex(4) HexA HexNAc(2),dHex(1)Hex(4)HexA(1)HexNAc(2),1376.460036
1378.432776,Hex(3) HexNAc(4) Sulf,Hex(3)HexNAc(4)Sulf(1),1378.432776
1378.475686,Hex(6) HexNAc(2),Hex(6)HexNAc(2),1378.475686
1386.492005,Hex(3) HexNAc(3) NeuAc ---OR--- Hex(2) HexNAc(3) dHex NeuGc ---OR--- Hex(2) HexNAc(4) Kdn,Hex(3)HexNAc(3)NeuAc(1),1386.492005
1387.512406,dHex(2) Hex(3) HexNAc(3),dHex(2)Hex(3)HexNAc(3),1387.512406
1389.491671,Hex(4) HexNAc(3) Pent,Hex(4)HexNAc(3)Pent(1),1389.491671
1390.439301,dHex Hex(3) HexA(2) HexNAc(2),dHex(1)Hex(3)HexA(2)HexNAc(2),1390.439301
1392.412040,Hex(2) HexNAc(2) NeuAc(2) Sulf,Hex(2)HexNAc(2)NeuAc(2)Sulf(1),1392.41204
1393.432441,dHex(2) Hex(2) HexNAc(2) NeuAc Sulf,dHex(2)Hex(2)HexNAc(2)NeuAc(1)Sulf(1),1393.432441
1402.486920,Hex(3) HexNAc(3) NeuGc,Hex(3)HexNAc(3)NeuGc(1),1402.48692
1402.512072,dHex(4) Hex HexNAc(2) Kdn,dHex(4)Hex(1)HexNAc(2)Kdn(1),1402.512072
1403.507321,dHex Hex(4) HexNAc(3),dHex(1)Hex(4)HexNAc(3),1403.507321
1418.506986,dHex(3) Hex(2) HexNAc(2) Kdn,dHex(3)Hex(2)HexNAc(2)Kdn(1),1418.506986
1419.502235,Hex(5) HexNAc(3),Hex(5)HexNAc(3),1419.502235
1424.427021,dHex(3) Hex(2) HexA HexNAc(2) Sulf,dHex(3)Hex(2)HexA(1)HexNAc(2)Sulf(1),1424.427021
1427.518554,Hex(2) HexNAc(4) NeuAc,Hex(2)HexNAc(4)NeuAc(1),1427.518554
1428.538955,dHex(2) Hex(2) HexNAc(4),dHex(2)Hex(2)HexNAc(4),1428.538955
1430.518220,Hex(3) HexNAc(4) Pent,Hex(3)HexNAc(4)Pent(1),1430.51822
1440.421936,dHex(2) Hex(3) HexA HexNAc(2) Sulf,dHex(2)Hex(3)HexA(1)HexNAc(2)Sulf(1),1440.421936
1442.394675,dHex Hex(2) HexNAc(4) Sulf(2),dHex(1)Hex(2)HexNAc(4)Sulf(2),1442.394675
1443.538621,dHex(4) HexNAc(3) Kdn,dHex(4)HexNAc(3)Kdn(1),1443.538621
1444.533870,Fucosylated biantennary (-2 galactose),G0F,1444.53387
1448.456013,Hex(2) HexNAc NeuGc(3),Hex(2)HexNAc(1)NeuGc(3),1448.456013
1449.501567,dHex(4) Hex HexNAc Kdn(2),dHex(4)Hex(1)HexNAc(1)Kdn(2),1449.501567
1450.453905,dHex Hex(2) HexNAc(3) NeuAc Sulf,dHex(1)Hex(2)HexNAc(3)NeuAc(1)Sulf(1),1450.453905
1458.442017,Hex(6) HexNAc(2) Phos,Hex(6)HexNAc(2)Phos(1),1458.442017
1458.475412,Hex(9),Hex(9),1458.475412
1458.513134,dHex Hex(2) HexNAc(2) NeuAc(2),dHex(1)Hex(2)HexNAc(2)NeuAc(2),1458.513134
1459.533535,dHex(3) Hex HexNAc(3) Kdn,dHex(3)Hex(1)HexNAc(3)Kdn(1),1459.533535
1460.528784,Biantennary (-1 galactose),G1,1460.528784
1466.448820,Hex(3) HexNAc(3) NeuAc Sulf,Hex(3)HexNAc(3)NeuAc(1)Sulf(1),1466.44882
1467.469221,Sulf dHex(2) Hex(3) HexNAc(3),dHex(2)Hex(3)HexNAc(3)Sulf(1),1467.469221
1474.508049,Hex(3) HexNAc(2) NeuAc(2),Hex(3)HexNAc(2)NeuAc(2),1474.508049
1482.443734,Hex(3) HexNAc(3) NeuGc Sulf,Hex(3)HexNAc(3)NeuGc(1)Sulf(1),1482.443734
1483.464135,dHex Hex(4) HexNAc(3) Sulf,dHex(1)Hex(4)HexNAc(3)Sulf(1),1483.464135
1490.502964,dHex Hex(2) HexNAc(2) NeuGc(2),dHex(1)Hex(2)HexNAc(2)NeuGc(2),1490.502964
1491.523365,dHex(2) Hex(3) HexNAc(2) NeuGc ---OR--- Hex(4) HexNAc(2) dHex NeuAc,dHex(2)Hex(3)HexNAc(2)NeuGc(1),1491.523365
1494.523030,dHex Hex(5) HexNAc(2) Pent,dHex(1)Hex(5)HexNAc(2)Pent(1),1494.52303
1497.443400,dHex Hex(3) HexA HexNAc(3) Sulf,dHex(1)Hex(3)HexA(1)HexNAc(3)Sulf(1),1497.4434
1499.501961,Hex(8) HexNAc,Hex(8)HexNAc(1),1499.501961
1501.555334,Hex(3) HexNAc(5),Hex(3)HexNAc(5),1501.555334
1505.539015,dHex Hex(3) HexNAc(3) Pent(2),dHex(1)Hex(3)HexNAc(3)Pent(2),1505.539015
1515.534598,Hex(2) HexNAc(3) NeuAc(2),Hex(2)HexNAc(3)NeuAc(2),1515.534598
1516.554999,dHex(2) Hex(2) HexNAc(3) NeuAc,dHex(2)Hex(2)HexNAc(3)NeuAc(1),1516.554999
1517.575400,dHex(4) Hex(2) HexNAc(3),dHex(4)Hex(2)HexNAc(3),1517.5754
1519.554665,dHex(2) Hex(3) HexNAc(3) Pent,dHex(2)Hex(3)HexNAc(3)Pent(1),1519.5546650000001
1522.554331,Me dHex(2) Hex(5) HexNAc(2),dHex(2)Hex(5)HexNAc(2)Me(1),1522.554331
1524.490684,dHex Hex(3) HexNAc(4) Sulf,dHex(1)Hex(3)HexNAc(4)Sulf(1),1524.490684
1524.533595,dHex Hex(6) HexNAc(2),dHex(1)Hex(6)HexNAc(2),1524.533595
1531.529513,Hex(2) HexNAc(3) NeuAc NeuGc,Hex(2)HexNAc(3)NeuAc(1)NeuGc(1),1531.529513
1532.549914,dHex(2) Hex(2) HexNAc(3) NeuGc ---OR--- Hex(3) HexNAc(3) dHex NeuAc ---OR--- Hex(2) HexNAc(4) dHex Kdn,dHex(2)Hex(2)HexNAc(3)NeuGc(1),1532.549914
1533.570315,dHex(3) Hex(3) HexNAc(3),dHex(3)Hex(3)HexNAc(3),1533.570315
1535.549579,dHex Hex(4) HexNAc(3) Pent,dHex(1)Hex(4)HexNAc(3)Pent(1),1535.549579
1536.321581,Hex(8) Phos(3),Hex(8)Phos(3),1536.321581
1538.469949,dHex Hex(2) HexNAc(2) NeuAc(2) Sulf,dHex(1)Hex(2)HexNAc(2)NeuAc(2)Sulf(1),1538.469949
1540.485599,Hex(4) HexNAc(4) Sulf,Hex(4)HexNAc(4)Sulf(1),1540.485599
1540.528510,Hex(7) HexNAc(2),Hex(7)HexNAc(2),1540.52851
1547.524427,Hex(2) HexNAc(3) NeuGc(2),Hex(2)HexNAc(3)NeuGc(2),1547.524427
1548.544828,Hex(4) HexNAc(3) NeuAc ---OR--- Hex(3) HexNAc(4) Kdn,Hex(4)HexNAc(3)NeuAc(1),1548.544828
1549.565230,dHex(2) Hex(4) HexNAc(3),dHex(2)Hex(4)HexNAc(3),1549.56523
1551.544494,Hex(5) HexNAc(3) Pent,Hex(5)HexNAc(3)Pent(1),1551.544494
1564.539743,Hex(4) HexNAc(3) NeuGc,Hex(4)HexNAc(3)NeuGc(1),1564.539743
1564.564895,dHex(4) Hex(2) HexNAc(2) Kdn,dHex(4)Hex(2)HexNAc(2)Kdn(1),1564.564895
1565.560144,dHex Hex(5) HexNAc(3),dHex(1)Hex(5)HexNAc(3),1565.560144
1572.985775,molybdenum bis(molybdopterin guanine dinucleotide),molybdopterin-gd,1572.985775
1573.576463,dHex Hex(2) HexNAc(4) NeuAc,dHex(1)Hex(2)HexNAc(4)NeuAc(1),1573.576463
1574.596864,dHex(3) Hex(2) HexNAc(4),dHex(3)Hex(2)HexNAc(4),1574.596864
1576.576129,dHex Hex(3) HexNAc(4) Pent,dHex(1)Hex(3)HexNAc(4)Pent(1),1576.576129
1581.512148,Hex(3) HexNAc(5) Sulf,Hex(3)HexNAc(5)Sulf(1),1581.512148
1581.555059,Hex(6) HexNAc(3),Hex(6)HexNAc(3),1581.555059
1588.452584,Sulf(2) dHex(2) Hex(2) HexNAc(4),dHex(2)Hex(2)HexNAc(4)Sulf(2),1588.452584
1589.571378,Hex(3) HexNAc(4) NeuAc ---OR--- Hex(2) HexNAc(4) dHex NeuGc,Hex(3)HexNAc(4)NeuAc(1),1589.571378
1590.591779,dHex(2) Hex(3) HexNAc(4),dHex(2)Hex(3)HexNAc(4),1590.591779
1592.571043,Hex(4) HexNAc(4) Pent,Hex(4)HexNAc(4)Pent(1),1592.571043
1593.493521,Hex HexNAc NeuGc(4),Hex(1)HexNAc(1)NeuGc(4),1593.493521
1605.591444,dHex(4) Hex HexNAc(3) Kdn,dHex(4)Hex(1)HexNAc(3)Kdn(1),1605.591444
1606.586693,dHex Hex(4) HexNAc(4) ---OR--- Hex(4) HexNAc(4) Pent Me,G1F,1606.586693
1620.442414,Hex(4) HexNAc(4) Sulf(2),Hex(4)HexNAc(4)Sulf(2),1620.442414
1620.494841,Hex(7) HexNAc(2) Phos,Hex(7)HexNAc(2)Phos(1),1620.494841
1620.602343,Hex(4) HexNAc(4) Me(2) Pent,Hex(4)HexNAc(4)Me(2)Pent(1),1620.602343
1620.930224,L-selenocysteinyl molybdenum bis(molybdopterin guanine dinucleotide),molybdopterin-se,1620.930224
1621.586359,dHex(3) Hex(2) HexNAc(3) Kdn ---OR--- Hex(3) HexNAc(2) dHex(3) NeuAc,dHex(3)Hex(2)HexNAc(3)Kdn(1),1621.586359
1622.581608,Biantennary,G2,1622.581608
1631.618328,dHex(2) Hex(2) HexNAc(5),dHex(2)Hex(2)HexNAc(5),1631.618328
1637.581274,dHex Hex(3) HexNAc(3) Pent(3) ---OR--- Hex(4) HexNAc(2) dHex(2) NeuAc,dHex(1)Hex(3)HexNAc(3)Pent(3),1637.581274
1643.501309,dHex(2) Hex(3) HexA HexNAc(3) Sulf,dHex(2)Hex(3)HexA(1)HexNAc(3)Sulf(1),1643.501309
1645.516959,dHex Hex(5) HexNAc(3) Sulf,dHex(1)Hex(5)HexNAc(3)Sulf(1),1645.516959
1647.613242,dHex Hex(3) HexNAc(5),dHex(1)Hex(3)HexNAc(5),1647.613242
1651.596924,dHex(2) Hex(3) HexNAc(3) Pent(2),dHex(2)Hex(3)HexNAc(3)Pent(2),1651.596924
1659.496223,dHex Hex(4) HexA HexNAc(3) Sulf,dHex(1)Hex(4)HexA(1)HexNAc(3)Sulf(1),1659.496223
1661.521390,Hex(6) HexNAc(3) Phos,Hex(6)HexNAc(3)Phos(1),1661.52139
1661.554784,Hex(9) HexNAc,Hex(9)HexNAc(1),1661.554784
1662.700924,Sumoylation by SUMO-2/3 after Cyanogen bromide (CNBr) cleavage,EDEDTIDVFQQQTGG,1662.700924
1663.608157,Hex(4) HexNAc(5),Hex(4)HexNAc(5),1663.608157
1665.612574,dHex(3) Hex(3) HexNAc(3) Pent,dHex(3)Hex(3)HexNAc(3)Pent(1),1665.612574
1677.587422,Hex(3) HexNAc(3) NeuAc(2),Hex(3)HexNAc(3)NeuAc(2),1677.587422
1678.607823,dHex(2) Hex(3) HexNAc(3) NeuAc ---OR--- Hex(2) HexNAc(4) dHex(2) Kdn,dHex(2)Hex(3)HexNAc(3)NeuAc(1),1678.607823
1679.628224,dHex(4) Hex(3) HexNAc(3),dHex(4)Hex(3)HexNAc(3),1679.628224
1681.607488,dHex(2) Hex(4) HexNAc(3) Pent,dHex(2)Hex(4)HexNAc(3)Pent(1),1681.607488
1686.543508,dHex Hex(4) HexNAc(4) Sulf,dHex(1)Hex(4)HexNAc(4)Sulf(1),1686.543508
1686.586419,dHex Hex(7) HexNAc(2),dHex(1)Hex(7)HexNAc(2),1686.586419
1694.602737,dHex Hex(4) HexNAc(3) NeuAc ---OR--- dHex(2) Hex(3) HexNAc(3) NeuGc,dHex(1)Hex(4)HexNAc(3)NeuAc(1),1694.602737
1698.374404,Hex(9) Phos(3),Hex(9)Phos(3),1698.374404
1700.461172,Hex(7) HexNAc(2) Phos(2),Hex(7)HexNAc(2)Phos(2),1700.461172
1702.538423,Hex(5) HexNAc(4) Sulf,Hex(5)HexNAc(4)Sulf(1),1702.538423
1702.581333,Hex(8) HexNAc(2),Hex(8)HexNAc(2),1702.581333
1704.634706,Hex(3) HexNAc(6),Hex(3)HexNAc(6),1704.634706
1705.731890,Sumoylation by SUMO-1 after Cyanogen bromide (CNBr) cleavage,EEEDVIEVYQEQTGG,1705.73189
1708.618387,dHex Hex(3) HexNAc(4) Pent(2),dHex(1)Hex(3)HexNAc(4)Pent(2),1708.618387
1710.597652,dHex Hex(4) HexNAc(3) NeuGc ---OR--- Hex(5) HexNAc(3) NeuAc,dHex(1)Hex(4)HexNAc(3)NeuGc(1),1710.597652
1713.671426,dHex(2) HexNAc(7),dHex(2)HexNAc(7),1713.671426
1722.634037,dHex(2) Hex(3) HexNAc(4) Pent,dHex(2)Hex(3)HexNAc(4)Pent(1),1722.634037
1727.570057,dHex Hex(3) HexNAc(5) Sulf,dHex(1)Hex(3)HexNAc(5)Sulf(1),1727.570057
1727.612968,dHex Hex(6) HexNAc(3),dHex(1)Hex(6)HexNAc(3),1727.612968
1734.510493,dHex(3) Hex(2) HexNAc(4) Sulf(2),dHex(3)Hex(2)HexNAc(4)Sulf(2),1734.510493
1735.629286,dHex Hex(3) HexNAc(4) NeuAc,dHex(1)Hex(3)HexNAc(4)NeuAc(1),1735.629286
1736.649688,dHex(3) Hex(3) HexNAc(4),dHex(3)Hex(3)HexNAc(4),1736.649688
1738.628952,dHex Hex(4) HexNAc(4) Pent,dHex(1)Hex(4)HexNAc(4)Pent(1),1738.628952
1743.564972,Hex(4) HexNAc(5) Sulf,Hex(4)HexNAc(5)Sulf(1),1743.564972
1743.607882,Hex(7) HexNAc(3),Hex(7)HexNAc(3),1743.607882
1751.624201,Hex(4) HexNAc(4) NeuAc,Hex(4)HexNAc(4)NeuAc(1),1751.624201
1752.644602,dHex(2) Hex(4) HexNAc(4) ---OR--- Hex(4) HexNAc(4) dHex Pent Me,dHex(2)Hex(4)HexNAc(4),1752.644602
1755.546345,Hex(2) HexNAc NeuGc(4),Hex(2)HexNAc(1)NeuGc(4),1755.546345
1757.544236,Hex(3) HexNAc(3) NeuAc(2) Sulf,Hex(3)HexNAc(3)NeuAc(2)Sulf(1),1757.544236
1767.619116,Hex(4) HexNAc(4) NeuGc,Hex(4)HexNAc(4)NeuGc(1),1767.619116
1767.644268,dHex(4) Hex(3) HexNAc(2) NeuAc(1),dHex(4)Hex(3)HexNAc(2)NeuAc(1),1767.644268
1768.639517,Fucosylated biantennary,G2F,1768.639517
1774.559552,dHex Hex(4) HexNAc(3) NeuAc Sulf,dHex(1)Hex(4)HexNAc(3)NeuAc(1)Sulf(1),1774.559552
1782.655167,Hex(5) HexNAc(4) Me(2) Pent,Hex(5)HexNAc(4)Me(2)Pent(1),1782.655167
1784.591521,Hex(3) HexNAc(6) Sulf,Hex(3)HexNAc(6)Sulf(1),1784.591521
1784.634431,Hex(6) HexNAc(4),Hex(6)HexNAc(4),1784.634431
1792.650750,Hex(3) HexNAc(5) NeuAc(1),Hex(3)HexNAc(5)NeuAc(1),1792.65075
1793.671151,dHex(2) Hex(3) HexNAc(5),dHex(2)Hex(3)HexNAc(5),1793.671151
1797.593295,dHex Hex(2) HexNAc(2) NeuGc(3),dHex(1)Hex(2)HexNAc(2)NeuGc(3),1797.593295
1805.554132,dHex(2) Hex(4) HexA HexNAc(3) Sulf,dHex(2)Hex(4)HexA(1)HexNAc(3)Sulf(1),1805.554132
1806.630015,Hex(2) HexNAc(3) NeuAc(3),Hex(2)HexNAc(3)NeuAc(3),1806.630015
1807.569782,dHex Hex(6) HexNAc(3) Sulf,dHex(1)Hex(6)HexNAc(3)Sulf(1),1807.569782
1809.666066,dHex Hex(4) HexNAc(5),dHex(1)Hex(4)HexNAc(5),1809.666066
1821.549047,dHex Hex(5) HexA HexNAc(3) Sulf,dHex(1)Hex(5)HexA(1)HexNAc(3)Sulf(1),1821.549047
1823.574213,Hex(7) HexNAc(3) Phos,Hex(7)HexNAc(3)Phos(1),1823.574213
1823.607608,Hex(10) HexNAc(1),Hex(10)HexNAc(1),1823.607608
1823.645330,dHex Hex(3) HexNAc(3) NeuAc(2),dHex(1)Hex(3)HexNAc(3)NeuAc(2),1823.64533
1824.665732,dHex(3) Hex(3) HexNAc(3) NeuAc,dHex(3)Hex(3)HexNAc(3)NeuAc(1),1824.665732
1825.660981,Hex(5) HexNAc(5),Hex(5)HexNAc(5),1825.660981
1826.681382,Hex(6) HexNAc(4) Me(3),Hex(6)HexNAc(4)Me(3),1826.681382
1832.601417,dHex(2) Hex(4) HexNAc(4) Sulf,dHex(2)Hex(4)HexNAc(4)Sulf(1),1832.601417
1839.640245,Hex(4) HexNAc(3) NeuAc(2),Hex(4)HexNAc(3)NeuAc(2),1839.640245
1840.660646,dHex Hex(3) HexNAc(4) Pent(3),dHex(1)Hex(3)HexNAc(4)Pent(3),1840.660646
1843.660312,dHex(2) Hex(5) HexNAc(3) Pent,dHex(2)Hex(5)HexNAc(3)Pent(1),1843.660312
1848.596331,dHex Hex(5) HexNAc(4) Sulf,dHex(1)Hex(5)HexNAc(4)Sulf(1),1848.596331
1848.639242,dHex Hex(8) HexNAc(2),dHex(1)Hex(8)HexNAc(2),1848.639242
1850.692615,dHex Hex(3) HexNAc(6),dHex(1)Hex(3)HexNAc(6),1850.692615
1854.614759,Hex(2) HexNAc(3) NeuGc(3),Hex(2)HexNAc(3)NeuGc(3),1854.614759
1854.676296,dHex(2) Hex(3) HexNAc(4) Pent(2),dHex(2)Hex(3)HexNAc(4)Pent(2),1854.676296
1856.655561,dHex Hex(5) HexNAc(3) NeuAc,dHex(1)Hex(5)HexNAc(3)NeuAc(1),1856.655561
1860.427228,Hex(10) Phos(3),Hex(10)Phos(3),1860.427228
1864.548335,Hex(3) HexNAc(6) Sulf(2),Hex(3)HexNAc(6)Sulf(2),1864.548335
1864.634157,Hex(9) HexNAc(2),Hex(9)HexNAc(2),1864.634157
1864.671880,dHex Hex(2) HexNAc(4) NeuAc(2),dHex(1)Hex(2)HexNAc(4)NeuAc(2),1864.67188
1866.687530,Hex(4) HexNAc(6),Hex(4)HexNAc(6),1866.68753
1868.691946,dHex(3) Hex(3) HexNAc(4) Pent,dHex(3)Hex(3)HexNAc(4)Pent(1),1868.691946
1872.650475,dHex Hex(5) HexNAc(3) NeuGc ---OR--- Hex(6) HexNAc(3) NeuAc,dHex(1)Hex(5)HexNAc(3)NeuGc(1),1872.650475
1880.666794,Hex(3) HexNAc(4) NeuAc(2),Hex(3)HexNAc(4)NeuAc(2),1880.666794
1881.687195,dHex(2) Hex(3) HexNAc(4) NeuAc,dHex(2)Hex(3)HexNAc(4)NeuAc(1),1881.687195
1884.686861,dHex(2) Hex(4) HexNAc(4) Pent,dHex(2)Hex(4)HexNAc(4)Pent(1),1884.686861
1889.622880,dHex Hex(4) HexNAc(5) Sulf,dHex(1)Hex(4)HexNAc(5)Sulf(1),1889.62288
1889.665791,dHex Hex(7) HexNAc(3),dHex(1)Hex(7)HexNAc(3),1889.665791
1897.682110,dHex Hex(4) HexNAc(4) NeuAc ---OR--- Hex(3) HexNAc(5) dHex Kdn,dHex(1)Hex(4)HexNAc(4)NeuAc(1),1897.68211
1898.702511,dHex(3) Hex(4) HexNAc(4),dHex(3)Hex(4)HexNAc(4),1898.702511
1900.583852,Hex HexNAc NeuGc(5),Hex(1)HexNAc(1)NeuGc(5),1900.583852
1900.681776,dHex Hex(5) HexNAc(4) Pent,dHex(1)Hex(5)HexNAc(4)Pent(1),1900.681776
1901.505861,dHex Hex(5) HexA HexNAc(3) Sulf(2),dHex(1)Hex(5)HexA(1)HexNAc(3)Sulf(2),1901.505861
1907.714079,Hex(3) HexNAc(7),Hex(3)HexNAc(7),1907.714079
1911.537830,Hex(4) HexNAc(4) NeuAc Sulf(2),Hex(4)HexNAc(4)NeuAc(1)Sulf(2),1911.53783
1913.677025,Hex(5) HexNAc(4) NeuAc,Hex(5)HexNAc(4)NeuAc(1),1913.677025
1914.654515,dHex(2) Hex(2) HexNAc(6) Sulf,dHex(2)Hex(2)HexNAc(6)Sulf(1),1914.654515
1914.697426,dHex(2) Hex(5) HexNAc(4),dHex(2)Hex(5)HexNAc(4),1914.697426
1920.617461,dHex(2) Hex(4) HexNAc(3) NeuAc Sulf,dHex(2)Hex(4)HexNAc(3)NeuAc(1)Sulf(1),1920.617461
1927.532745,Hex(4) HexNAc(4) NeuGc Sulf(2),Hex(4)HexNAc(4)NeuGc(1)Sulf(2),1927.532745
1928.553146,dHex Hex(5) HexNAc(4) Sulf(2),dHex(1)Hex(5)HexNAc(4)Sulf(2),1928.553146
1928.713076,dHex Hex(5) HexNAc(4) Me(2) Pent,dHex(1)Hex(5)HexNAc(4)Me(2)Pent(1),1928.713076
1929.671939,Hex(5) HexNAc(4) NeuGc,Hex(5)HexNAc(4)NeuGc(1),1929.671939
1930.649430,dHex Hex(3) HexNAc(6) Sulf,dHex(1)Hex(3)HexNAc(6)Sulf(1),1930.64943
1930.692340,dHex Hex(6) HexNAc(4),dHex(1)Hex(6)HexNAc(4),1930.69234
1936.612375,dHex Hex(5) HexNAc(3) NeuAc Sulf,dHex(1)Hex(5)HexNAc(3)NeuAc(1)Sulf(1),1936.612375
1938.708659,dHex Hex(3) HexNAc(5) NeuAc,dHex(1)Hex(3)HexNAc(5)NeuAc(1),1938.708659
1946.687255,Hex(7) HexNAc(4),Hex(7)HexNAc(4),1946.687255
1952.607290,dHex Hex(5) HexNAc(3) NeuGc Sulf,dHex(1)Hex(5)HexNAc(3)NeuGc(1)Sulf(1),1952.60729
1954.703574,Hex(4) HexNAc(5) NeuAc,Hex(4)HexNAc(5)NeuAc(1),1954.703574
1955.687589,Hex(5) HexNAc(4) NeuAc Ac,Hex(5)HexNAc(4)NeuAc(1)Ac(1),1955.687589
1955.723975,dHex(2) Hex(4) HexNAc(5),dHex(2)Hex(4)HexNAc(5),1955.723975
1958.723640,Hex(6) HexNAc(4) Me(3) Pent,Hex(6)HexNAc(4)Me(3)Pent(1),1958.72364
1968.682838,Hex(3) HexNAc(3) NeuAc(3),Hex(3)HexNAc(3)NeuAc(3),1968.682838
1969.622606,dHex Hex(7) HexNAc(3) Sulf,dHex(1)Hex(7)HexNAc(3)Sulf(1),1969.622606
1969.632122,dHex Hex(7) HexNAc(3) Phos,dHex(1)Hex(7)HexNAc(3)Phos(1),1969.632122
1969.703239,dHex(2) Hex(3) HexNAc(3) NeuAc(2),dHex(2)Hex(3)HexNAc(3)NeuAc(2),1969.703239
1970.824411,Addition of DEDGFLYMVYASQETFG,DEDGFLYMVYASQETFG,1970.824411
1971.718889,dHex Hex(5) HexNAc(5),dHex(1)Hex(5)HexNAc(5),1971.718889
1977.638925,dHex Hex(4) HexNAc(4) NeuAc Sulf,dHex(1)Hex(4)HexNAc(4)NeuAc(1)Sulf(1),1977.638925
1978.659326,dHex(3) Hex(4) HexNAc(4) Sulf,dHex(3)Hex(4)HexNAc(4)Sulf(1),1978.659326
1987.670893,Hex(3) HexNAc(7) Sulf,Hex(3)HexNAc(7)Sulf(1),1987.670893
1987.713804,Hex(6) HexNAc(5),Hex(6)HexNAc(5),1987.713804
1991.494645,Hex(4) HexNAc(4) NeuAc Sulf(3),Hex(4)HexNAc(4)NeuAc(1)Sulf(3),1991.494645
1993.633839,Hex(5) HexNAc(4) NeuAc Sulf,Hex(5)HexNAc(4)NeuAc(1)Sulf(1),1993.633839
1995.730123,Hex(3) HexNAc(6) NeuAc,Hex(3)HexNAc(6)NeuAc(1),1995.730123
1996.750524,dHex(2) Hex(3) HexNAc(6),dHex(2)Hex(3)HexNAc(6),1996.750524
1997.698154,Hex(5) HexNAc(4) NeuAc Ac(2),Hex(5)HexNAc(4)NeuAc(1)Ac(2),1997.698154
2059.734933,dHex Hex(5) HexNAc(4) NeuAc,dHex(1)Hex(5)HexNAc(4)NeuAc(1),2059.734933
2092.745164,Fucosylated biantennary + 2 alphaGal,dHex(1)Hex(7)HexNAc(4),2092.745164
2135.920496,SUMOylation by SUMO-1 after tryptic cleavage,SUMO2135,2135.920496
2204.772441,Hex(5) HexNAc(4) NeuAc(2),Hex(5)HexNAc(4)NeuAc(2),2204.772441
2350.830350,dHex Hex(5) HexNAc(4) NeuAc(2),dHex(1)Hex(5)HexNAc(4)NeuAc(2),2350.83035
3549.536568,SUMOylation by SUMO-2/3 after tryptic cleavage,SUMO3549,3549.536568
